32,30,3,1,1,1,1,1,1,1,1,1,1,1,1,1,1,1
-4,-9,1,1,3,3,3,1
-45,19,0,3,1,3,3,1,3,3,1,1
-2,3,2,1,1,1
-12,-39,1,1,1,3,3,3,1
22,-7,0,3,1,1,3,3,3,3,3,3,1
40,33,3,1,1,1,1,3,1,1,3,1
-40,-11,3,3,3,1,3,1,3,3,1
-19,-50,1,1,3,1,3,1,1,3,1
-32,42,2,1,1,1,1,3,3,3,3,1
-21,46,2,1,3,1,1,1,1,1,3,3,3,1
-13,44,2,1,3,3,1,1,3,1,3,1
21,26,1,3,3,3,3,1,1,1,1,1
8,-47,2,1,3,3,3,3,1,3,3,3,3,3,3,1
14,-44,2,1,3,3,1,1,1,1,1,1,1
20,14,3,1,1,3,3,1
-16,-26,1,3,1,3,1,1
-49,-48,3,1,1,1,1,1,1,1,1,1,1,1,1,1,1,1,1,1,1,1,1,1,1,1,1,1,1,1,1,1,1,1,1,1,1,1,1,1,1,1,1,1,1,1,1,1,1,1,1
-34,-31,3,1,1,1,1,1,1,1,1,1,1,3,3,1
-48,11,0,3,1,1,1,3,3,1,3,3,1
-24,-44,1,3,1,1,1,1,1
22,28,1,3,3,3,1,3,1
-36,28,0,3,3,3,3,1,1
-42,-4,3,3,3,3,3,3,3,3,3,3,1,1
11,-1,0,3,1,1,1,1,1,1,1,1,1,1
-35,39,2,1,1,1,1,1,1,1,1,1,3,1,1,1
12,-48,2,1,3,3,1
27,-50,2,1,1,3,3,3,3,3,1,3,3,1
-16,-25,1,3,1,3,3,3,1,1
47,-27,0,3,3,1,1,3,1,1,1,1,1,1
1,30,1,1,1,1,1,1,1,1,1,1,1,1,1,1,1,1,1,1,1,1,1,1,1,1,1,1,1,1,1,1
-11,36,2,1,3,3,1,1,1,3,1,1
18,39,1,1,3,3,3,3,3,1
-37,-47,1,3,3,3,1,3,3,1,1,1
-35,21,0,3,3,1,1
33,29,3,1,1,1,1,1,1,1,3,3,3,1
34,-5,0,3,1,1,1,1,1,3,1,1,1,1
-43,19,0,3,1,3,3,3,1,3,3,3,1
35,-26,0,3,3,3,1,3,3,3,3,3,3,3,1
4,35,1,1,1,1,1,1,1,1,3,1,1,1
-30,-11,3,3,1,3,3,1,3,1
44,15,3,3,1,3,3,3,3,3,3,3,3,3,3,3,3,3,1
-16,31,2,1,1,3,3,3,3,3,3,3,3,3,3,3,3,3,3,1
44,-16,0,3,1,3,1,1,1
-17,39,2,1,3,1,1,1,3,3,1,1
-31,-10,3,3,3,1,1,1,1,1,1,1,1,1,1
1,-48,2,1,3,3,3,3,3,3,3,3,3,3,3,3,3,3,3,3,3,3,3,3,3,3,3,3,3,3,3,3,3,3,3,3,3,3,3,3,3,3,3,3,3,3,3,3,3,3,1
12,39,1,1,1,3,3,3,1
15,-27,2,1,1,3,3,3,1
6,-39,2,1,3,3,3,3,3,1,1
42,-17,0,3,1,3,3,1,1,1,1,1,1,1,1
12,-29,2,1,3,1,1,3,3,1,1
37,-11,0,3,1,1,3,3,1,3,3,1
43,7,3,3,3,3,3,3,1,1,1,1,1,1,1
-30,21,0,3,3,3,1,1,1
-29,-36,1,3,3,3,3,1,1,1,1,1,1,1
42,50,1,3,3,3,3,3,1,1,1,1
-4,16,2,1,3,3,1
35,36,1,3,3,3,3,3,3,3,3,3,3,3,3,3,3,3,3,3,3,3,3,3,3,3,3,3,3,3,3,3,3,3,3,3,3,1
26,-49,2,1,1,3,3,3,3,3,3,3,1,3,1
39,-39,0
2,21,1,1,1,1,1,1,1,1,1,1,3,1
20,-6,0,3,1,1,3,3,1
49,39,3,1,1,1,3,1,1,1,1,1,1,1,1,1
21,31,1,3,3,1,1,1,1,1,1,1,1,1,1
-37,-42,1,3,3,3,3,3,3,3,1,1,3,1
16,-4,0,3,1,1,1
-7,-16,1,1,3,3,3,1,1
22,-44,2,1,1
-49,-44,3,1,1,1,1,1,1,1,1,3,1,1,1,1
50,15,3,3,3,1,1,1
-31,31,0
-13,28,2,1,3,1,1,1,1,1,1,3,1
37,23,3,1,3,1,3,1,1,1,1
-21,-34,1,3,1,3,1,3,1,1
-32,-33,1,3,3,3,3,3,3,3,3,3,3,3,3,3,3,3,3,3,3,3,3,3,3,3,3,3,3,3,3,3,3,3,1
-8,42,2,1,3,3,3,3,1,1,1,1
43,-26,0,3,3,1,3,1,1,1,1,1,1,1,1
3,3,1
24,28,1,3,3,3,3,3,1
-28,5,0,3,1,1,1,1,3,1,3,1
21,18,3,1,1,1,1,1,1
30,-23,0,3,3,3,3,1,1,1,3,1
-16,-46,1,1,3,1,1,1,1,1,1,1
44,-6,0,3,1,1,1,1,1,1,3,3,1
35,-24,0,3,3,3,1,1,1,1,1,3,1
28,-12,0,3,1,3,3,1
-9,-35,1,1,1,3,1,1,1,1,1,1,1,1
30,-49,2,1,1,3,1,3,3,1,3,1
5,-6,2,1,1,1,1,1,1
-17,-17,1
-7,-39,1,1,1,1,1,3,1,3,3,1
12,-29,2,1,3,1,1,3,3,1,1
39,-26,0,3,3,1
9,21,1,1,3,3,1
-16,-39,1,1,3,3,1,1,1,3,1
-20,-42,1,1,3,3,3,3,3,3,3,3,3,1
15,45,1,1,1
-39,-45,1,3,3,3,3,3,3,1,1
-35,-38,1,3,3,3,3,3,3,3,3,3,3,3,1,3,1
33,2,3,3,3,3,3,3,3,3,3,3,3,3,3,3,3,3,1,1
7,-13,2,1,1,3,3,3,3,3,1
19,-1,0,3,1,1,1,1,1,1,1,1,1,1,1,1,1,1,1,1,1,1
-20,-45,1,1,3,3,3,1
-18,27,2,1,1,1
8,-36,2,1,3,3,3,1,1
-22,-10,3,3,1,1,1,1,1
-19,-48,1,1,3,1,3,3,3,3,3,3,3,3,1
2,45,1,1,1,1,1,1,1,1,1,1,1,1,1,1,1,1,1,1,1,1,1,1,3,1
39,18,3,3,1,1,1,1,1,1
-10,6,0,3,3,1,1
-12,19,2,1,1,3,1,1,3,1
-17,28,2,1,1,3,1,3,3,3,3,1
49,-45,0,3,3,3,3,3,3,3,3,3,3,3,3,1,1,1,1
42,-38,0,3,3,3,3,3,3,3,3,3,3,1,1
-20,-5,3,3,3,1
-26,13,0,3,1
35,2,3,3,3,3,3,3,3,3,3,3,3,3,3,3,3,3,3,1,1
-15,-19,1,3,3,3,1,3,3,1
13,33,1,1,3,1,3,3,3,3,3,1
18,-22,2,1,1,1,1,1,3,1
48,-45,0,3,3,3,3,3,3,3,3,3,3,3,3,3,3,3,1
48,46,3,1,1,1,1,1,1,1,1,1,1,1,1,1,1,1,1,1,1,1,1,1,1,1
12,-12,0
28,-40,2,1,1,1,3,3,1
30,-35,2,1,1,1,1,1,1,1
-17,-26,1,3,1,3,3,3,3,3,3,3,1
-1,-15,1,1,1,1,1,1,1,1,1,1,1,1,1,1,1
48,3,3,3,3,3,3,3,3,3,3,3,3,3,3,3,3,1
31,-35,2,1,1,1,1,1,1,1,1,3,1,1,1
41,-6,0,3,1,1,1,1,1,3,1,1,1,1,1
-13,37,2,1,3,1,3,3,3,3,3,1,1
36,-20,0,3,3,1,1,1,1
-17,28,2,1,1,3,1,3,3,3,3,1
-32,-40,1,3,3,3,1
37,-50,2,1,1,1,3,1,1,1,1,1,3,1
22,44,1,1
-27,-12,3,3,1,1,1,1
-48,-20,3,3,1,1,3,1
21,-35,2,1,1,3,1
10,-47,2,1,3,3,3,1,3,3,1,1,1
45,-27,0,3,3,1,1
29,26,3,1,1,1,1,1,1,1,1,3,1,1
30,34,1,3,3,3,3,3,3,3,1,1
13,3,3,3,3,3,1,1,1
31,-26,0,3,3,3,3,3,3,1,1,1,1,1
-16,12,0,3,3,3,1
-24,-22,3,1,1,1,1,1,1,1,1,1,1,1
4,11,1,1,3,1,1,1
6,2,3,3,1
4,29,1,1,1,1,1,1,1,3,3,3,1
-8,-26,1,1,1,3,3,3,1
38,1,3,3,3,3,3,3,3,3,3,3,3,3,3,3,3,3,3,3,3,3,3,3,3,3,3,3,3,3,3,3,3,3,3,3,3,3,3,1
20,-23,2,1,1,1,1,1,1,1,3,1,1
22,1,3,3,3,3,3,3,3,3,3,3,3,3,3,3,3,3,3,3,3,3,3,1
-15,13,0,3,3,3,3,3,3,3,1,1
3,-36,2,1,3,3,3,3,3,3,3,3,3,3,1
-29,-49,1,3,1,1,3,3,3,3,1,1
8,38,1,1,1,1,3,1,1,1
25,12,3,3,1,1,1,1,1,1,1,1,1,1,1,1
16,-36,2,1,3,1,1,1,1
-23,47,2,1,3,1,1,1,1,1,1,1,1,1,1,1,1,1,1,1,1,1,1,1,1,1,1,1
-12,5,0,3,1,3,3,1,1
-3,20,2,1,3,3,3,3,3,1,3,1
-48,34,0,3,3,3,1,1,3,3,1
31,18,3,1,3,3,1,3,1,1
-50,-42,3,1,1,1,1,1,3,3,3,1
44,7,3,3,3,3,3,3,1,1,1,3,1
7,-47,2,1,3,3,3,3,3,1,3,3,1,1
-22,-14,3,1,3,1,1,1
-15,-41,1,1,3,1,1,3,1,1,1
7,28,1,1,1,1
-27,-45,1,3,1,1
-15,-34,1,1,3,3,3,1,3,3,1
-26,0
-34,14,0,3,1,3,3,1,1,1
-33,46,2,1,1,1,3,1,3,3,3,3,3,1
-48,31,0,3,3,1,3,3,3,3,1,3,1
22,-6,0,3,1,1,3,1,1
4,-19,2,1,3,3,3,1,3,3,1
-15,-14,3,1,1,1,1,1,1,1,1,1,1,1,1,1,1
8,-11,2,1,1,1,3,1,1
-43,28,0,3,3,1,3,3,3,3,3,3,1,1
-46,22,0,3,1,3,3,3,3,3,3,3,3,3,3,1
30,45,1,3,1
-15,6,0,3,1,3,1
39,12,3,3,3,1,1,1,1
-41,1,0,3,1,1,1,1,1,1,1,1,1,1,1,1,1,1,1,1,1,1,1,1,1,1,1,1,1,1,1,1,1,1,1,1,1,1,1,1,1,1,1,1
45,28,3,1,3,1,3,1,1,1,1,1
37,-25,0,3,3,3,1,1,1,1,1,1,1,1,1,1,1,1
12,36,1,1,1
30,-29,0,3,3,3,3,3,3,3,3,3,3,3,3,3,3,3,3,3,3,3,3,3,3,3,3,3,3,3,3,3,1
32,-40,2,1,1,1,1,1
-41,-18,3,3,1,1,1,3,1,3,1
-30,-5,3,3,3,3,3,1
-3,-15,1,1,1,1,1
31,19,3,1,3,1,3,3,1,1
-9,30,2,1,3,3,1,1,1
-34,-32,3,1,1,1,1,1,1,1,1,1,1,1,1,1,1,1,1
38,26,3,1,1,3,3,3,3,3,1
22,8,3,3,1,3,3,1
-20,-9,3,3,1,1,1,1,3,1
-10,-23,1,1,3,3,3,1,1,1
16,7,3,3,1,1,1,3,1
-12,-33,1,1,3,1,1,1
7,10,1,3,3,1,1,1
28,31,1,3,3,3,3,3,3,3,3,3,1,1,1
50,-36,0,3,3,3,1,3,1,1,1
-44,-2,3,3,3,3,3,3,3,3,3,3,3,3,3,3,3,3,3,3,3,3,3,1
13,-27,2,1,3,1,1,1,1,1,1,1,1,1,1,1,1,1
-25,-4,3,3,3,3,3,3,1,1,1,1
-40,24,0,3,3,1,1
36,47,1,3,3,3,1,1,1,3,1,1
-42,8,0,3,1,1,1,1,3,3,3,1
-19,18,0,3,3,3,3,3,3,3,3,3,3,3,3,3,3,3,3,3,3,1
-13,-38,1,1,3,1,1,1,1,1,1,1,1,1,1,1,1
-48,-21,3,3,1,1,1,3,1
-35,-40,1,3,3,3,3,3,3,1
-42,-20,3,3,1,1,1,1,1,1,1,1,1,1
-23,-17,3,1,1,3,1,1,1,1,1
-41,7,0,3,1,1,1,1,3,1,1,1,1,1,1
-31,-9,3,3,3,1,1,3,3,3,1
-50,26,0,3,3,1,1,1,1,1,1,1,1,1,1,1,1
25,5,3,3,3,3,1
1,-34,2,1,3,3,3,3,3,3,3,3,3,3,3,3,3,3,3,3,3,3,3,3,3,3,3,3,3,3,3,3,3,3,3,3,1
33,-17,0,3,3,1,1,1,1,1,1,1,1,1,1,1,1,1,1,1,1
-37,-4,3,3,3,3,3,3,3,3,3,1,1,1,1
-35,40,2,1,1,1,1,1,1,1,1
2,27,1,1,1,1,1,1,1,1,1,1,1,1,1,3,1
-28,-22,3,1,1,1,3,1,1
-1,-36,1,1,1,1,1,1,1,1,1,1,1,1,1,1,1,1,1,1,1,1,1,1,1,1,1,1,1,1,1,1,1,1,1,1,1,1
33,40,1,3,3,3,3,1,3,3,1,1
10,-32,2,1,3,3,1,1,1,1,1
3,-14,2,1,3,3,3,1,3,1
6,29,1,1,1,1,3,1,1,1,1,1
37,-42,2,1,1,1,1,1,1,1,1,3,3,1,1
41,-2,0,3,1,1,1,1,1,1,1,1,1,1,1,1,1,1,1,1,1,1,1,3,1
21,-7,0,3,1,1
-20,16,0,3,3,3,3,1
-35,21,0,3,3,1,1
-22,31,2,1,1,1,3,3,1,1,1,1
-29,9,0,3,1,1,3,3,3,3,1,1
11,-31,2,1,3,1,3,3,3,3,1,1
-7,-43,1,1,1,1,1,1,3,3,3,3,3,3,1
-33,-15,3,3,1,1,1,1,1
-48,-11,3,3,3,3,1,1,3,1,1,1
-40,11,0,3,1,1,3,1,3,1,1,1
16,-36,2,1,3,1,1,1,1
17,-27,2,1,1,3,1,1,3,3,1
-50,-12,3,3,3,3,1,1,1,1,1,1
6,-2,0,3,1,1
32,44,1,3,3,1,3,1
28,-17,0,3,3,1,3,1,1,1,1,1
14,-41,2,1,3,1,3,3,3,3,3,3,3,3,3,3,3,3,1
44,4,3,3,3,3,3,3,3,3,3,3,1
44,4,3,3,3,3,3,3,3,3,3,3,1
4,-44,2,1,3,3,3,3,3,3,3,3,3,1
9,32,1,1,1,3,1,3,3,3,1
-22,17,0,3,3,3,3,1,1,3,1
39,-20,0,3,3,1,1,1,1,1,1,1,1,1,1,1,1,1,1,1,1,1,1,1
-45,42,0,3,3,3,3,3,3,3,3,3,3,3,3,3,3,1
-35,-36,1,3,3,3,3,3,3,3,3,3,3,3,3,3,3,3,3,3,3,3,3,3,3,3,3,3,3,3,3,3,3,3,3,3,3,1
23,-2,0,3,1,1,1,1,1,1,1,1,1,1,3,1
25,-8,0,3,1,1,3,3,3,3,3,3,3,1
9,18,1,1
14,-47,2,1,3,3,1,1,3,1,1,1,1
7,-40,2,1,3,3,3,3,1,3,3,1,1
-24,30,2,1,1,1,1,1
-14,49,2,1,3,3,1,1
22,-46,2,1,3,1,1,1,1,1,1,1,1,1,1,1
49,-48,0,3,3,3,3,3,3,3,3,3,3,3,3,3,3,3,3,3,3,3,3,3,3,3,3,3,3,3,3,3,3,3,3,3,3,3,3,3,3,3,3,3,3,3,3,3,3,3,3,1
-14,33,2,1,3,1,1,3,1,1,1,1
12,35,1,1,3,1,1,1,1,1,1,1,1,1,1,1
-36,22,0,3,3,1,3,1,1,1
-5,-13,1,1,3,1,3,1
5,-39,2,1,3,3,3,3,3,3,1,3,3,3,1
26,32,1,3,3,3,3,1,1,1
35,18,3,1,3,3,3,3,3,3,3,3,3,3,3,3,3,3,3,3,1
-19,-26,1,3,3,1,3,3,1,1
4,43,1,1,1,1,1,1,1,1,1,1,3,1,1,1
-11,38,2,1,3,3,1,1,3,3,3,3,1
-22,-20,3,1,1,1,1,1,1,1,1,1,1
-10,45,2,1,3,3,3,1,1
1,3,1,1,1
-18,24,2,1,1,1,1
38,5,3,3,3,3,3,3,3,1,3,1,1
45,-25,0,3,3,1,1,1,1
49,-22,0,3,1,3,3,3,3,1,1,3,1
45,20,3,3,1,1,1,1
12,28,1,1,3,3,1
44,8,3,3,3,3,3,1,1
-24,-20,3,1,1,1,1,1
33,22,3,1,1
23,-31,2,1,1,1,3,1,1,1,1,1,1,1
4,-23,2,1,3,3,3,3,1,3,3,1
9,-17,2,1,1,3,3,3,3,3,3,3,1
-21,-45,1,1,3,3,3,3,3,3,1
-33,-27,3,1,1,1,1,3,1
-17,-20,1,3,3,3,3,3,1,3,1
47,49,1,3,3,3,3,3,3,3,3,3,3,3,3,3,3,3,3,3,3,3,3,3,3,3,1,1
-35,44,2,1,1,1,1,3,1,1,1,1,1,1,1,1
-44,16,0,3,1,3,1,1,1
-40,-7,3,3,3,3,3,1,3,3,1,1
18,-19,2,1,1,1,1,1,1,1,1,1,1,1,1,1,1,1,1,1,1,1
42,10,3,3,3,3,1,1,1,1,1
2,11,1,1,1,1,1,3,1
45,33,3,1,1,3,1,1,1
20,-11,0,3,3,1,1,1,1,3,1
44,-17,0,3,1,3,1,3,3,1,1,1
-26,36,2,1,1,1,3,1,3,1
29,-30,2,1,1,1,1,1,1,1,1,1,1,1,1,1,1,1,1,1,1,1,1,1,1,1,1,1,1,1,1,1,1
-23,-28,1,3,3,3,3,1,3,1,1
-49,4,0,3,1,1,1,1,1,1,1,1,1,1,1,3,3,3,1
17,-37,2,1,3,1,1,1,1,1,3,1,1
-1,-47,1,1,1,1,1,1,1,1,1,1,1,1,1,1,1,1,1,1,1,1,1,1,1,1,1,1,1,1,1,1,1,1,1,1,1,1,1,1,1,1,1,1,1,1,1,1,1
37,-14,0,3,1,3,1,3,1,1,1,1
32,-49,2,1,1,3,1,1,1,1,1,1,1,3,1
11,44,1,1,1,1
-4,19,2,1,3,3,3,1,3,3,1
-38,-7,3,3,3,3,3,1,1,3,3,1
0,23
5,-15,2,1,3,1
20,25,1,3,3,3,1
-9,-21,1,1,3,3,1
42,-43,2,1,1,1,1,1,1,1,1,1,1,1,1,1,1,1,1,1,1,1,1,1,1,1,1,1,1,1,1,1,1,1,1,1,1,1,1,1,1,1,1,1,1,1
2,7,1,1,1,3,1
-37,17,0,3,1,3,3,3,3,3,1,3,1
20,-49,2,1,3,1,1,3,3,3,3,1,1
-18,13,0,3,3,3,1,3,1,1
47,6,3,3,3,3,3,3,3,1,3,3,3,3,1
-39,25,0,3,3,1,3,3,3,1,3,1
-29,15,0,3,3,1,1,1,1,1,1,1,1,1,1,1,1,1,1
11,-41,2,1,3,3,1,3,3,1,3,1
-14,-48,1,1,1,3,3,1,1,1
-16,32,2,1,1
34,50,1,3,3,1,1,1,1,1,1,1,1
15,-19,2,1,1,1,1,3,1,1,1
-46,-44,3,1,1,1,1,1,1,1,1,1,1,1,1,1,1,1,1,1,1,1,1,1,1
44,44,1
-29,35,2,1,1,1,1,1,3,1,1,1,1,1
-23,-21,3,1,1,1,1,1,1,1,1,1,1,3,1
-17,-47,1,1,3,1,1,1,3,3,3,1
44,47,1,3,3,3,3,3,3,3,3,3,3,3,3,3,3,1,3,1
-4,3,0,3,3,3,1
30,-43,2,1,1,1,3,3,3,1,1,1,1
-38,7,0,3,1,1,1,1,3,3,1,1,1
-34,-24,3,1,1,3,3,1,1
36,-4,0,3,1,1,1,1,1,1,1,1
-36,45,2,1,1,1,1,1
-20,-1,3,3,3,3,3,3,3,3,3,3,3,3,3,3,3,3,3,3,3,1
43,-46,2,1,1,1,1,1,1,1,1,1,1,1,1,1,1,1,3,3,1
42,1,3,3,3,3,3,3,3,3,3,3,3,3,3,3,3,3,3,3,3,3,3,3,3,3,3,3,3,3,3,3,3,3,3,3,3,3,3,3,3,3,3,1
-33,-16,3,3,1,1,1,1,1,1,1,1,1,1,1,1,1,1,1,1
-47,-19,3,3,1,1,3,3,3,3,3,3,3,3,1
33,40,1,3,3,3,3,1,3,3,1,1
-9,4,0,3,1,3,3,3,1
25,37,1,3,3,1,1,1,1,1,1,1,1,1,1,1,1
-35,17,0,3,1,3,3,3,3,3,3,3,3,3,3,3,3,3,3,3,3,1
22,50,1,1,3,3,3,1,3,1
26,42,1,3,1,3,1,3,1
-32,-27,3,1,1,1,1,1,3,3,1,1
-4,32,2,1,3,3,3,3,3,3,1
-5,22,2,1,3,3,3,1,1,3,1
18,-16,0,3,3,3,3,3,3,3,3,1
45,-41,0,3,3,3,3,3,3,3,3,3,3,3,1,1,1,1
23,-24,2,1,1,1,1,1,1,1,1,1,1,1,1,1,1,1,1,1,1,1,1,1,1,1,1
13,32,1,1,3,3,1,1,1,1,1,1
-27,21,0,3,3,3,3,1,1
-29,24,0,3,3,3,3,3,1,3,3,3,1
-40,-12,3,3,3,1,1,1
0,2
35,24,3,1,1,3,3,3,3,3,1,1
-6,-11,1,3,1,1,1,1,1
-37,37,0
-47,-9,3,3,3,3,3,1,1,1,1,3,1
-6,1,0,3,1,1,1,1,1
-18,-10,3,1,3,3,3,1
-9,36,2,1,3,3,1
21,-33,2,1,1,3,1,1,1
6,-16,2,1,3,1,3,1
-30,-11,3,3,1,3,3,1,3,1
-20,-27,1,3,3,1,3,3,3,3,3,1
-13,-29,1,1,3,3,3,3,1,1,1
43,-13,0,3,1,1,3,3,3,1,1,1,1
35,12,3,3,1,3,3,3,3,3,3,3,3,3,3,1
-24,47,2,1,1,3,3,3,3,3,3,3,3,3,3,3,3,3,3,3,3,3,3,3,3,3,3,1
21,36,1,3,1,1,3,1
-32,-38,1,3,3,3,3,3,1,1,1
-11,18,2,1,1,3,1,3,3,1
38,-14,0,3,1,3,1,1,3,1
1,-9,2,1,3,3,3,3,3,3,3,1
-17,49,2,1,3,1,3,3,3,3,3,3,3,1,1
-41,23,0,3,3,1,1,1,3,1,3,1
44,-28,0,3,3,1,3,3,1
28,45,1,3,1,3,1,3,3,3,3,1
33,-41,2,1,1,1,1,1,3,3,3,3,3,3,3,1
-12,-10,3,1,1,1,1,1
-25,-28,1,3,3,3,3,3,3,3,3,1,1,1
-38,24,0,3,3,1,3,3,1,1
46,-1,0,3,1,1,1,1,1,1,1,1,1,1,1,1,1,1,1,1,1,1,1,1,1,1,1,1,1,1,1,1,1,1,1,1,1,1,1,1,1,1,1,1,1,1,1,1,1
20,39,1,3,1,1,1,1,1,1,1,1,1,1,1,1,1,1,1,1,1,1,1
10,27,1,1,3,1,1,3,3,1
-43,1,0,3,1,1,1,1,1,1,1,1,1,1,1,1,1,1,1,1,1,1,1,1,1,1,1,1,1,1,1,1,1,1,1,1,1,1,1,1,1,1,1,1,1,1
37,-44,2,1,1,1,1,1,1,3,3,3,1,1
18,46,1,1,3,1,3,3,3,1
29,-7,0,3,1,1,1,3,3,3,3,3,3,1
37,10,3,3,3,1,3,3,1,1,1
5,-32,2,1,3,3,3,3,3,1,1,3,1
-12,-43,1,1,1,3,1,3,3,1,1
36,42,1,3,3,3,3,3,1
5,-1,0,3,1,1,1,1
-43,17,0,3,1,3,1,3,3,3,3,3,3,3,1
10,14,1,3,3,1,1
46,-42,0,3,3,3,3,3,3,3,3,3,3,3,1,1
-30,-15,3,1
-2,-1,3,1
6,28,1,1,1,1,3,1,1
-49,30,0,3,3,1,3,1,1,3,1,1
18,36,1,1
-31,37,2,1,1,1,1,1,1,3,3,3,3,3,1
7,-8,2,1,1,1,1,1,1,1,1
-5,14,2,1,3,1,3,3,3,1
2,13,1,1,1,1,1,1,3,1
10,-19,2,1,1,3,3,3,3,3,3,3,3,1
6,24,1,1,1,1
-40,-13,3,3,3,1,1,1,1,1,1,1,1,1,1,1,1,1
42,-48,2,1,1,1,1,1,1,1,1
-4,6,2,1,1,1
-27,-23,3,1,1,1,1,1,3,1,1,1
11,3,3,3,3,1,3,1
21,-20,0,3,3,3,3,3,3,3,3,3,3,3,3,3,3,3,3,3,3,3,3,1
24,18,3,1,1,1
0,31
-45,43,0,3,3,3,3,3,3,3,3,3,3,3,3,3,3,3,3,3,3,3,3,3,3,1,1
-44,9,0,3,1,1,1,3,1,1,1,1,1,1,1,1
33,-31,0,3,3,3,3,3,3,3,3,3,3,3,3,3,3,3,3,1,1
0,-44
-48,20,0,3,1,3,3,1,1
35,-19,0,3,3,1,1,1,1,1,3,3,1
15,-43,2,1,3,1,3,3,3,3,3,3,1,1
-19,-40,1,1,3,3,3,3,3,3,3,3,3,1,1
-15,-8,3,1,3,3,3,3,3,3,1
-12,-36,1,1,1
-23,-2,3,3,3,3,3,3,3,3,3,3,3,1,1
-12,33,2,1,3,1,3,3,1
-50,-36,3,1,1,3,1,3,3,1
-8,-8,1
12,37,1,1,1,3,3,3,3,3,3,3,3,3,3,3,1
18,-26,2,1,1,1,3,3,3,1
40,-45,2,1,1,1,1,1,1,1,1,1
19,38,1,1
30,10,3,3,1
-20,1,0,3,1,1,1,1,1,1,1,1,1,1,1,1,1,1,1,1,1,1,1
21,-2,0,3,1,1,1,1,1,1,1,1,1,3,1
-49,24,0,3,1,3,3,3,3,3,3,3,3,3,3,3,3,3,3,3,3,3,3,3,3,3,3,3,1
-34,14,0,3,1,3,3,1,1,1
21,48,1,1,3,3,3,1,1
-16,36,2,1,3,1,1,1,1
1,-4,2,1,3,3,1
0,-1
30,35,1,3,3,3,3,3,1
-40,30,0,3,3,3,1
-27,30,2,1,1,1,1,1,1,1,1,1,1
-45,-50,1,3,3,3,3,3,3,3,3,1
6,4,3,1,1
-26,25,0,3,3,3,3,3,3,3,3,3,3,3,3,3,3,3,3,3,3,3,3,3,3,3,3,3,1
-7,-14,1,1
-27,47,2,1,1,3,3,1,3,3,3,3,3,1
15,38,1,1,3,1,3,3,3,3,3,3,1
27,-18,0,3,3,1
-1,17,2,1,3,3,3,3,3,3,3,3,3,3,3,3,3,3,3,1
-35,-35,1
38,-23,0,3,3,1,3,1,1,1,1,1,1,1
-26,-30,1,3,3,3,3,3,3,1,1
46,-16,0,3,1,3,1,1,1,1,1,1,1
3,25,1,1,1,1,1,1,1,1,3,3,1
-9,33,2,1,3,3,1,3,1
-1,-25,1,1,1,1,1,1,1,1,1,1,1,1,1,1,1,1,1,1,1,1,1,1,1,1,1
-39,24,0,3,3,1,3,1,1
-6,42,2,1,3,3,3,3,3,1
-5,35,2,1,3,3,3,3,3,1
45,32,3,1,1,3,3,1,1,1,1,1,1
2,4,1,1
21,-41,2,1,1,3,3,3,3,3,3,3,3,3,3,3,3,3,3,3,3,3,3,3,1
5,8,1,3,1,3,1
37,-35,0,3,3,3,3,3,3,3,3,3,3,3,3,3,3,3,3,3,3,1,1
-47,-11,3,3,3,3,1,1,1,3,1,1
-40,-34,3,1,1,1,1,1,3,1,1
-30,33,2,1,1,1,1,1,1,1,1,1,1,1
16,18,1,3,3,3,3,3,3,3,1
26,-29,2,1,1,1,1,1,1,1,1,1,3,1,1
-40,32,0,3,3,3,3,1
-34,-31,3,1,1,1,1,1,1,1,1,1,1,3,3,1
-37,30,0,3,3,3,3,3,1,1,1,3,1
47,-19,0,3,1,3,3,1,1,1,1,1,1,1,1,1
-16,-22,1,3,3,1,3,1
-2,28,2,1,3,3,3,3,3,3,3,3,3,3,3,3,1
28,27,3,1,1,1,1,1,1,1,1,1,1,1,1,1,1,1,1,1,1,1,1,1,1,1,1,1,1,1
-29,24,0,3,3,3,3,3,1,3,3,3,1
-30,10,0,3,1,1
48,-9,0,3,1,1,1,1,3,3,1
35,-9,0,3,1,1,3,1,1,1,1,1,1,1,1
36,0
-24,-28,1,3,3,3,3,3,1
20,17,3,1,1,1,1,1,3,1,1
8,44,1,1,1,1,1,3,1
41,-47,2,1,1,1,1,1,1,1,3,1,1,1,1,1
34,2,3,3,3,3,3,3,3,3,3,3,3,3,3,3,3,3,1
25,-20,0,3,3,3,3,1
1,-38,2,1,3,3,3,3,3,3,3,3,3,3,3,3,3,3,3,3,3,3,3,3,3,3,3,3,3,3,3,3,3,3,3,3,3,3,3,3,1
-35,-3,3,3,3,3,3,3,3,3,3,3,3,1,3,1
-27,-25,3,1,1,1,1,1,1,1,1,1,1,1,1,3,1
-46,-7,3,3,3,3,3,3,1,3,1,1,1
24,5,3,3,3,3,1,3,3,3,1
29,37,1,3,3,3,1,3,1,3,1
15,2,3,3,3,3,3,3,3,1,1
5,-5,0
-5,19,2,1,3,3,1,3,3,3,1
-33,-46,1,3,3,1,3,1,1,1,1,1,1
30,40,1,3,3,1
-33,25,0,3,3,3,3,1,1,1,1,1,1,1,1
39,-15,0,3,1,3,1,3,1
32,9,3,3,3,1,3,1,1,1,1
-11,38,2,1,3,3,1,1,3,3,3,3,1
-20,-38,1,3,1,1,1,1,1,1,1,1,1
5,-11,2,1,3,1,1,1,1,1
-43,-33,3,1,1,1,3,3,3,1,1,1
-27,18,0,3,3,1
-18,47,2,1,3,1,3,1,3,1,1,1
35,45,1,3,3,3,1,1
5,-46,2,1,3,3,3,3,3,3,3,3,1,1,1,1,1
-4,-5,1,3,3,3,1
16,3,3,3,3,3,3,1,1,1
40,-15,0,3,1,3,1,1
-28,48,2,1,1,3,3,1,1
3,-12,2,1,3,3,1
-15,-40,1,1,3,1,1
-18,-37,1,1,3,3,3,3,3,3,3,3,3,3,3,3,3,3,3,3,3,1
20,39,1,3,1,1,1,1,1,1,1,1,1,1,1,1,1,1,1,1,1,1,1
0,46
38,24,3,1,3,1,1,3,1
22,-35,2,1,1,3,1,1,3,3,3,1
2,-26,2,1,3,3,3,3,3,3,3,3,3,3,3,1
19,-32,2,1,1,3,3,1,1,1,1,1,1
-22,13,0,3,3,1,1,3,3,3,1
-3,16,2,1,3,3,3,3,1,1,1
-27,35,2,1,1,1,1,3,3,1,3,1
-24,-32,1,3,3,1
-2,34,2,1,3,3,3,3,3,3,3,3,3,3,3,3,3,3,3,1
-24,-44,1,3,1,1,1,1,1
-37,-29,3,1,1,1,3,1,3,1,1
-17,44,2,1,3,1,3,1,1,3,3,1
-1,-38,1,1,1,1,1,1,1,1,1,1,1,1,1,1,1,1,1,1,1,1,1,1,1,1,1,1,1,1,1,1,1,1,1,1,1,1,1,1
42,-31,0,3,3,3,1,3,3,3,3,1,1
23,-38,2,1,1,3,1,3,3,3,3,3,3,1
22,43,1,3,1,1,1,1,1,1,1,1,1,1,1,1,1,1,1,1,1,1,1,1,1
36,-37,2,1,1,1,1,1,1,1,1,1,1,1,1,1,1,1,1,1,1,1,1,1,1,1,1,1,1,1,1,1,1,1,1,1,1,1,1,1
-48,5,0,3,1,1,1,1,1,1,1,1,3,1,3,1
19,15,3,1,1,1,3,1,1,1
14,-28,2,1,1
-29,-39,1,3,3,1,3,3,3,3,3,3,3,3,1
-7,1,0,3,1,1,1,1,1,1
9,-34,2,1,3,3,1,3,3,3,1,1
28,-23,0,3,3,3,3,3,1,3,1,1
-10,17,2,1,1,3,3,1,1,1
2,-8,2,1,3,3,1
27,4,3,3,3,3,3,3,1,3,3,1
16,-41,2,1,3,1,3,1,1,1,3,1
13,8,3,1,3,1,3,1
-42,-36,3,1,1,1,1,1,1
1,-38,2,1,3,3,3,3,3,3,3,3,3,3,3,3,3,3,3,3,3,3,3,3,3,3,3,3,3,3,3,3,3,3,3,3,3,3,3,3,1
42,-2,0,3,1,1,1,1,1,1,1,1,1,1,1,1,1,1,1,1,1,1,1,1
-9,3,0,3,1,1
30,-46,2,1,1,3,1,1,1,1,1,1,1
14,-39,2,1,3,1,3,3,3,1,3,1
22,45,1,1,3,3,3,3,3,3,3,3,3,3,3,3,3,3,3,3,3,3,3,3,3,1
22,-39,2,1,1,3,3,3,1,1,3,1
-16,-21,1,3,3,3,1,1,1,1,1
-8,26,2,1,3,3,1,1,1,1
-48,27,0,3,3,1,1,1,3,1
-12,-13,1,3,3,3,3,3,3,3,3,3,3,3,1
-42,-39,3,1,1,1,1,1,1,1,1,1,1,1,1,1
-10,50,2,1,3,3,3,1
20,41,1,1,3,3,3,3,3,3,3,3,3,3,3,3,3,3,3,3,3,3,3,1
-28,17,0,3,3,1,3,1,1,1,1,1
-44,27,0,3,3,1,3,1,1,3,3,1
-47,-31,3,1,3,1,1,1,1,1,1,1,1,1,1,1,1,1,1,1
-5,30,2,1,3,3,3,3,1
35,-36,2,1,1,1,1,1,1,1,1,1,1,1,1,1,1,1,1,1,1,1,1,1,1,1,1,1,1,1,1,1,1,1,1,1,1,1,1
39,-5,0,3,1,1,1,1,1,1,3,1,1,1,1
-39,-30,3,1,1,1,3,3,1
-1,1,0
-5,-6,1,3,3,3,3,1
-31,33,2,1,1,1,1,1,1,1,1,1,1,1,1,1,1,1,1,3,1
-37,35,0,3,3,3,3,3,3,3,3,3,3,3,3,3,3,3,3,3,3,1,1
-46,-42,3,1,1,1,1,1,1,1,1,1,1,3,1
-6,-12,1,1
-18,1,0,3,1,1,1,1,1,1,1,1,1,1,1,1,1,1,1,1,1
21,14,3,1,1
-6,43,2,1,3,3,3,3,3,3,1,1,1,1,1,1
20,41,1,1,3,3,3,3,3,3,3,3,3,3,3,3,3,3,3,3,3,3,3,1
15,-4,0,3,1,1,3,1,1,1
12,-47,2,1,3,3,1,3,3,3,3,3,3,3,3,3,3,1
-16,-1,3,3,3,3,3,3,3,3,3,3,3,3,3,3,3,1
40,10,3,3,3,1
-45,-44,3,1,1,1,1,1,1,1,1,1,1,1,1,1,1,1,1,1,1,1,1,1,1,1,1,1,1,1,1,1,1,1,1,1,1,1,1,1,1,1,1,1,1,1,1
-38,45,2,1,1,1,1,1,1,3,3,1,1,1
29,16,3,1,3,3,3,3,1,1,1
44,-45,2,1,1,1,1,1,1,1,1,1,1,1,1,1,1,1,1,1,1,1,1,1,1,1,1,1,1,1,1,1,1,1,1,1,1,1,1,1,1,1,1,1,1,1,1,1
25,3,3,3,3,3,3,3,3,3,1,1,1
-20,27,2,1,1,1,3,1,1,1,1,1,1
-37,-37,1
-35,48,2,1,1,1,3,1,1,3,3,3,1
-5,35,2,1,3,3,3,3,3,1
3,32,1,1,1,1,1,1,1,1,1,1,3,1,1
-7,37,2,1,3,3,3,3,1,1,1,3,1
28,6,3,3,3,3,1,3,1
-38,19,0,3,1
15,-45,2,1,3,1
28,25,3,1,1,1,1,1,1,1,1,3,3,1
24,4,3,3,3,3,3,1
20,-32,2,1,1,3,1,1
-38,48,2,1,1,1,1,3,1,1,1,1
12,8,3,1,1
-27,45,2,1,1,3,1
-28,-12,3,3,1,1,1
-43,31,0,3,3,3,1,3,1,1,3,1
-27,18,0,3,3,1
-47,12,0,3,1,1,3,1,1,1,1,1,1,1,1,1,1,1
1,-25,2,1,3,3,3,3,3,3,3,3,3,3,3,3,3,3,3,3,3,3,3,3,3,3,3,1
-3,-7,1,1,3,3,1
42,-10,0,3,1,1,1,3,3,3,3,1
-32,-34,1,3,3,3,3,3,3,3,3,3,3,3,3,3,3,3,1
41,-35,0,3,3,3,3,3,3,1,3,3,3,3,1
10,0
-10,-39,1,1,1,3,1,1,1,1,1,1,1,1,1
-21,-39,1,3,1,1,1,1,1,1
30,-46,2,1,1,3,1,1,1,1,1,1,1
27,47,1,3,1,1,3,1,1,1,1,1,1
27,32,1,3,3,3,3,3,1,1,3,1
-11,3,0,3,1,1,3,1,1
31,-44,2,1,1,1,3,3,1,3,1,1
-21,44,2,1,3,1,1,1,1,1,1,1,1,1,1,3,1
48,30,3,1,3,1,1
9,44,1,1,1,1,3,1,1,1,1,1,1,1,1
20,19,3,1,1,1,1,1,1,1,1,1,1,1,1,1,1,1,1,1,1,1
-1,46,2,1,3,3,3,3,3,3,3,3,3,3,3,3,3,3,3,3,3,3,3,3,3,3,3,3,3,3,3,3,3,3,3,3,3,3,3,3,3,3,3,3,3,3,3,3,1
-1,-8,1,1,1,1,1,1,1,1
29,-13,0,3,1,3,3,3,3,1,1,1
-23,-8,3,3,1,3,3,3,3,3,3,1
48,-25,0,3,3,1,1,1,1,1,1,1,1,1,1,1,3,1
15,-1,0,3,1,1,1,1,1,1,1,1,1,1,1,1,1,1
-45,23,0,3,3,1,1,1,1,1,1,1,1,1,1,1,1,1,1,1,1,1,1,1,1,1,1
7,43,1,1,1,1,1,1,3,3,3,3,3,3,1
24,-18,0,3,3,3,1
-16,14,0,3,3,3,3,3,3,3,1
-15,-22,1,3,3,1,1,1,1,1,1,1
39,27,3,1,1,3,3,3,1
24,16,3,1,1
29,24,3,1,1,1,1,3,1,1,1,1
-40,5,0,3,1,1,1,1,1,1,1
-20,-44,1,1,3,3,3,3,1
-40,27,0,3,3,3,1,1,1,1,1,1,1,1,1,1,1,1,1
-20,-39,1,3,1,1,1,1,1,1,1,1,1,1,1,1,1,1,1,1,1,1,1
-39,-44,1,3,3,3,3,3,3,3,1,3,3,3,1
-43,47,2,1,1,1,1,1,1,1,1,1,1,1,3,1,1,1
6,3,3,1
-18,-27,1,3,1
-9,42,2,1,3,3,3,1,3,1
-10,-1,3,3,3,3,3,3,3,3,3,1
13,-22,2,1,1,3,3,1,1,1,1
29,30,1,3,3,3,3,3,3,3,3,3,3,3,3,3,3,3,3,3,3,3,3,3,3,3,3,3,3,3,3,1
-41,10,0,3,1,1,1,3,3,3,3,3,3,3,3,3,1
17,-28,2,1,1,3,1,3,3,3,3,1
-28,-24,3,1,1,1,1,1,1
-49,28,0,3,3,1,1,1
33,1,3,3,3,3,3,3,3,3,3,3,3,3,3,3,3,3,3,3,3,3,3,3,3,3,3,3,3,3,3,3,3,3,1
-23,-14,3,1,3,1,3,3,3,1
-11,3,0,3,1,1,3,1,1
-47,-38,3,1,1,1,1,3,3,3,3,1,1
-14,-44,1,1,1,3,3,3,3,3,3,1
10,-39,2,1,3,3,1,3,3,3,3,3,3,3,3,1
-22,23,2,1,1,1,1,1,1,1,1,1,1,1,1,1,1,1,1,1,1,1,1,1,1,1
-30,-14,3,3,1,1,1,1,1,1,1
-43,-1,3,3,3,3,3,3,3,3,3,3,3,3,3,3,3,3,3,3,3,3,3,3,3,3,3,3,3,3,3,3,3,3,3,3,3,3,3,3,3,3,3,3,1
4,-23,2,1,3,3,3,3,1,3,3,1
-27,-34,1,3,3,3,1,3,3,3,3,3,1
-44,-27,3,1,3,1,3,3,1,1,1
-10,-7,3,1,1,3,3,1
26,40,1,3,1,3,3,3,3,3,1
-47,50,2,1,1,1,1,1,1,1,1,1,1,1,1,1,1,1,1,3,1,1
43,21,3,3,1,1,1,1,1,1,1,1,1,1,1,1,1,1,1,1,1,1,1,1,1
-15,-28,1,3,1,1,1,1,1,1,3,1
-17,-47,1,1,3,1,1,1,3,3,3,1
-32,-28,3,1,1,1,1,1,1,1
-26,-8,3,3,3,1,1,1,1
-7,27,2,1,3,3,1,3,3,3,3,3,1
29,-20,0,3,3,3,1,1,1,1,3,1
-33,15,0,3,1,3,3,3,3,1
44,49,1,3,3,3,3,3,3,3,3,1,3,3,3,1
-45,-22,3,3,1,1,1,1,1,1,1,1,1,1,1,1,1,1,1,1,1,1,1,1,1,1
16,-31,2,1,1,3,3,3,3,3,3,3,3,3,3,3,3,3,3,1
-47,25,0,3,3,1,1,1,1,1,1,1,3,3,1
-24,8,0,3,1,1
-20,-13,3,1,3,1,1,1,1,1,1
37,24,3,1,3,1,1,1,1,1,3,1
-45,24,0,3,3,1,1,1,1,1,1,1
25,-2,0,3,1,1,1,1,1,1,1,1,1,1,1,3,1
-25,-48,1,3,1,1,1,1,1,1,1,1,1,1,1,3,1
10,-17,2,1,1,3,3,1,1,1
38,27,3,1,1,3,3,1,1,1,1,1
20,4,3,3,3,3,1
-28,-12,3,3,1,1,1
34,-12,0,3,1,3,1,1,1,1,1
-7,-25,1,1,1,3,1,3,3,1
48,30,3,1,3,1,1
44,37,3,1,1,1,1,1,3,3,3,1,1
-30,4,0,3,1,1,1,1,1,1,3,1
11,-17,2,1,1,3,1,1,1,1,1
16,11,3,1,1,3,3,3,3,1
9,-1,0,3,1,1,1,1,1,1,1,1
49,-5,0,3,1,1,1,1,1,1,1,1,3,1,1,1,1
-1,-25,1,1,1,1,1,1,1,1,1,1,1,1,1,1,1,1,1,1,1,1,1,1,1,1,1
-48,35,0,3,3,3,1,3,3,1,1,1,1
47,7,3,3,3,3,3,3,1,3,3,1,1
10,19,1,3,1,1,1,1,1,1,1,1,1
35,0
-4,-28,1,1,1,1,1,1,1
-46,8,0,3,1,1,1,1,3,1,1,1
-11,35,2,1,3,3,1,1,1,1,1,3,1
-46,22,0,3,1,3,3,3,3,3,3,3,3,3,3,1
-38,15,0,3,1,3,1,3,3,3,3,3,3,1
40,-42,2,1,1,1,1,1,1,1,1,1,1,1,1,1,1,1,1,1,1,1,1,1
-11,38,2,1,3,3,1,1,3,3,3,3,1
43,-46,2,1,1,1,1,1,1,1,1,1,1,1,1,1,1,1,3,3,1
45,-32,0,3,3,3,1,1,3,3,3,3,3,1
-16,-44,1,1,3,1,1,1
29,-43,2,1,1,1,3,3,3,3,3,3,3,3,3,3,3,3,3,1
49,29,3,1,3,3,1,1,1,1,3,1
-26,-3,3,3,3,3,3,3,3,3,1,3,1
44,-22,0,3,1
46,-23,0,3,1
-47,-7,3,3,3,3,3,3,1,3,3,1,1
-35,26,0,3,3,3,1,3,3,3,3,3,3,3,1
-26,22,0,3,3,3,3,3,3,1,1
-25,-9,3,3,1,3,3,3,1,1
-38,-47,1,3,3,3,3,1,1,1,1,3,1
41,-6,0,3,1,1,1,1,1,3,1,1,1,1,1
1,3,1,1,1
-13,19,2,1,1,1,3,3,3,3,3,1
-48,-28,3,1,3,3,1,1
-40,19,0,3,1,3,3,3,3,3,3,3,3,3,1,1
-34,-42,1,3,3,3,3,1,1,1,1
-38,-4,3,3,3,3,3,3,3,3,3,1,1
24,48,1,1
-10,44,2,1,3,3,3,1,1,3,1
-11,-34,1,1,1,3,3,3,3,3,3,3,3,3,3,1
-12,-19,1,3,1,3,3,1,1
33,-48,2,1,1,1,3,3,3,3,1
-13,49,2,1,3,3,1,3,3,3,1,1,1
19,-7,0,3,1,3,1,1,3,1
31,49,1,3,1,3,3,1,3,1,1
10,19,1,3,1,1,1,1,1,1,1,1,1
48,19,3,3,1,3,1,1,1,1,1,1,1,1,1
-44,1,0,3,1,1,1,1,1,1,1,1,1,1,1,1,1,1,1,1,1,1,1,1,1,1,1,1,1,1,1,1,1,1,1,1,1,1,1,1,1,1,1,1,1,1,1
49,49,1
26,16,3,1,3,1,3,1
36,-35,0,3,3,3,3,3,3,3,3,3,3,3,3,3,3,3,3,3,3,3,3,3,3,3,3,3,3,3,3,3,3,3,3,3,3,3,1
-42,35,0,3,3,3,3,3,1
3,20,1,1,1,1,1,1,3,1,1
-42,31,0,3,3,3,1,3,3,3,3,1,1
-17,26,2,1,1,3,1,1,1,1,1,1,1,1
32,23,3,1,1,3,1,3,3,3,1
-43,-30,3,1,1,3,3,3,1,1,1,1
17,3,3,3,3,3,3,1,3,1
-17,-27,1,3,1,3,3,1,1,1
9,-17,2,1,1,3,3,3,3,3,3,3,1
-46,7,0,3,1,1,1,1,1,3,1,3,3,1
-13,29,2,1,3,1,1,1,1,3,3,1
12,-13,2,1,1,1,1,1,1,1,1,1,1,1,1,1
15,18,1,3,3,3,3,1
46,43,3,1,1,1,1,1,1,1,1,1,1,1,1,1,1,3,3,1
-24,-35,1,3,3,1,1,1,1,1,3,1
-30,33,2,1,1,1,1,1,1,1,1,1,1,1
43,-20,0,3,1,3,3,3,3,3,3,1,3,1
-21,16,0,3,3,3,3,1,1,1,1,1
30,47,1,3,1,3,3,3,1,1,1,1
-24,-40,1,3,1,1
31,-2,0,3,1,1,1,1,1,1,1,1,1,1,1,1,1,1,3,1
0,31
27,8,3,3,3,1,1,3,1,1
13,-29,2,1,3,1,1,1,1,3,3,1
-25,-49,1,3,1,1,1,1,1,1,1,1,1,1,1,1,1,1,1,1,1,1,1,1,1,1,1,1
-13,45,2,1,3,3,1,1,3,3,3,3,3,1
-5,23,2,1,3,3,3,1,3,1,1
-29,6,0,3,1,1,1,3,1,1,1,1,1
-2,30,2,1,3,3,3,3,3,3,3,3,3,3,3,3,3,1
43,-11,0,3,1,1,3,1,1,1,1,1,1,1,1,1,1
50,-30,0,3,3,1,1
-8,-48,1,1,1,1,1,1
-40,17,0,3,1,3,3,1,3,3,3,3,1
-41,-36,3,1,1,1,1,1,1,1,3,3,3,3,1
-22,-29,1,3,3,3,1,1,1,1,1,1,1
9,-29,2,1,3,3,1,1,1,1,3,1
34,25,3,1,1,3,1,1,1,3,1
-33,-39,1,3,3,3,3,3,1,1
-16,-48,1,1,1
-26,50,2,1,1,3,3,3,3,3,3,3,3,3,3,3,1
3,-30,2,1,3,3,3,3,3,3,3,3,1
48,-9,0,3,1,1,1,1,3,3,1
4,7,1,3,1,1,1
39,30,3,1,1,1,3,3,1
-4,7,2,1,1,3,3,1
23,30,1,3,3,3,1,1,1,3,1
10,4,3,3,1,1
-23,15,0,3,3,1,3,3,3,3,3,3,1
36,23,3,1,3,1,1,1,3,3,1
-33,31,0,3,3,3,3,3,3,3,3,3,3,3,3,3,3,3,3,1,1
-30,16,0,3,3,1,1,1,1,1,1,1
1,-31,2,1,3,3,3,3,3,3,3,3,3,3,3,3,3,3,3,3,3,3,3,3,3,3,3,3,3,3,3,3,3,1
50,-7,0,3,1,1,1,1,1,1,3,3,3,3,3,3,1
22,-20,0,3,3,3,3,3,3,3,3,3,3,1
-32,39,2,1,1,1,1,1,3,1,3,3,1
1,-8,2,1,3,3,3,3,3,3,1
46,7,3,3,3,3,3,3,1,3,1,1,1
-31,9,0,3,1,1,3,3,1,1,1,1
-50,17,0,3,1,3,1,1,1,1,1,1,1,1,1,1,1,1,1,1,1,1
35,-7,0,3,1,1,1,1
-28,-27,3,1,1,1,1,1,1,1,1,1,1,1,1,1,1,1,1,1,1,1,1,1,1,1,1,1,1,1
41,-14,0,3,1,3,1,1,1,1,1,1,1,1,1,1,1,1,1
12,-38,2,1,3,3,1,1,1,1,1,1
39,25,3,1,3,1,1,1,3,1,1
41,-5,0,3,1,1,1,1,1,1,1,3,3,3,3,1
37,-9,0,3,1,1,1,3,3,3,3,3,3,3,3,1
33,-42,2,1,1,1,1,3,1,1
-12,-32,1,1,3,1,1
49,11,3,3,3,3,1,1,3,3,3,3,1
-22,-23,1,3,3,3,3,3,3,3,3,3,3,3,3,3,3,3,3,3,3,3,3,3,1
-43,30,0,3,3,3,1,1,1,3,3,3,1
36,-1,0,3,1,1,1,1,1,1,1,1,1,1,1,1,1,1,1,1,1,1,1,1,1,1,1,1,1,1,1,1,1,1,1,1,1,1,1
-3,-47,1,1,1,1,1,1,1,1,1,1,1,1,1,1,1,3,1,1
5,4,3,1,1,1,1
49,-12,0,3,1,1,1,3,3,3,3,3,3,3,3,3,3,3,1
-49,16,0,3,1,1,3,3,3,3,3,3,3,3,3,3,3,3,3,3,3,1
42,-14,0,3,1,1
24,22,3,1,1,1,1,1,1,1,1,1,1,1
47,-32,0,3,3,3,1,1,1,1,1,1,1,3,1
-49,-36,3,1,1,3,1,1,1,3,3,1
36,-45,2,1,1,1,1,1
19,45,1,1,3,3,1,3,3,1,1
40,-2,0,3,1,1,1,1,1,1,1,1,1,1,1,1,1,1,1,1,1,1,1
42,4,3,3,3,3,3,3,3,3,3,3,1,1
10,12,1,3,3,3,3,1
-1,23,2,1,3,3,3,3,3,3,3,3,3,3,3,3,3,3,3,3,3,3,3,3,3,1
-6,-8,1,3,3,1
31,-49,2,1,1,3,1,1,3,1,3,1
19,-26,2,1,1,1,3,1,1,3,1
-25,41,2,1,1,3,1,3,3,3,1,1
-11,12,2,1,1,1,1,1,1,1,1,1,1,1,1
-30,8,0,3,1,1,3,1,1,1
-27,46,2,1,1,3,3,1,1,3,1,1
0,18
-5,-12,1,1,3,3,1,1
-27,-34,1,3,3,3,1,3,3,3,3,3,1
16,-23,2,1,1,1,3,3,3,1,1
35,35,1
43,-26,0,3,3,1,3,1,1,1,1,1,1,1,1
26,14,3,1,3,3,3,3,3,1
-29,-49,1,3,1,1,3,3,3,3,1,1
-19,25,2,1,1,1,1,3,3,3,3,3,1
-43,-37,3,1,1,1,1,1,1,3,3,3,3,3,1
-5,-48,1,1,1,1,1,1,1,1,1,3,1,3,1
36,43,1,3,3,3,3,3,1,1,1,1,1,1,1
33,19,3,1,3,3,1,3,3,3,1
30,11,3,3,1,3,3,1,3,1
37,45,1,3,3,3,3,1,3,1,3,1
-47,9,0,3,1,1,1,1,3,3,3,3,1,1
20,0
28,32,1,3,3,3,3,3,3,1
42,-44,2,1,1,1,1,1,1,1,1,1,1,1,1,1,1,1,1,1,1,1,1,1,1
-11,12,2,1,1,1,1,1,1,1,1,1,1,1,1
-49,47,0,3,3,3,3,3,3,3,3,3,3,3,3,3,3,3,3,3,3,3,3,3,3,3,3,1,1
-7,-14,1,1
-28,44,2,1,1,3,1,1,1
-31,4,0,3,1,1,1,1,1,1,3,1,1,1
18,-24,2,1,1,1,1
49,20,3,3,1,1,3,3,3,3,1,1
17,45,1,1,3,1,3,1,1,1,1,1
-26,-47,1,3,1,1,1,1,3,3,3,3,1
27,43,1,3,1,3,3,1,1,1,1,1
45,39,3,1,1,1,1,1,1,3,1
-41,-39,3,1,1,1,1,1,1,1,1,1,1,1,1,1,1,1,1,1,1,1,3,1
-28,-31,1,3,3,3,3,3,3,3,3,3,1,1,1
22,-18,0,3,3,3,3,3,1,1
-12,-6,3,1
36,-18,0,3,1
-37,26,0,3,3,3,1,1,3,1,1,1
37,34,3,1,1,1,1,1,1,1,1,1,1,1,3,3,1
37,-10,0,3,1,1,3,1,1,3,3,1
36,50,1,3,3,1,3,1,1,1
2,-42,2,1,3,3,3,3,3,3,3,3,3,3,3,3,3,3,3,3,3,3,3,1
35,29,3,1,1,1,1,3,1,1,1,1,1
20,-27,2,1,1,1,3,1,1,1,1,1,1
43,44,1,3,3,3,3,3,3,3,3,3,3,3,3,3,3,3,3,3,3,3,3,3,3,3,3,3,3,3,3,3,3,3,3,3,3,3,3,3,3,3,3,3,3,1
49,-32,0,3,3,1,3,3,3,3,3,3,3,1,1
-24,-20,3,1,1,1,1,1
-21,-42,1,1
-26,26,0
37,42,1,3,3,3,3,3,3,3,1,1,3,1
41,12,3,3,3,1,1,3,3,1,1
18,-1,0,3,1,1,1,1,1,1,1,1,1,1,1,1,1,1,1,1,1
9,0
17,30,1,3,1,1,1,3,3,3,1
-34,29,0,3,3,3,3,3,3,1,3,3,3,1
-12,2,0,3,1,1,1,1,1
11,9,3,1,1,1,1,3,1
27,42,1,3,1,3,3,3,1
-40,-2,3,3,3,3,3,3,3,3,3,3,3,3,3,3,3,3,3,3,3,1
9,-10,2,1,1,1,1,1,1,1,1,1,1
-24,-18,3,1,1,1
34,0
-21,24,2,1,1,1,1,1,1,1,1
-46,-37,3,1,1,1,1,3,3,3,3,3,3,3,3,1
-16,-14,3,1,1,1,1,1,1,1
-8,7,0,3,3,3,3,3,3,3,1
25,8,3,3,3,1,1,1,1,1,1,1,1
33,-45,2,1,1,1,3,1,1,1
-4,-7,1,3,1,1,1
20,-15,0,3,3,3,1
25,40,1,3,1,3,1
-5,49,2,1,3,3,3,3,3,3,3,3,1,3,3,3,1
-5,-32,1,1,1,1,1,1,3,3,1,1
31,26,3,1,1,1,1,1,3,3,3,3,1
13,3,3,3,3,3,1,1,1
37,-38,2,1,1,1,1,1,1,1,1,1,1,1,1,1,1,1,1,1,1,1,1,1,1,1,1,1,1,1,1,1,1,1,1,1,1,1,1,1,1
-47,32,0,3,3,3,1,1,1,1,1,1,1,3,1
-9,-28,1,1,1,3,3,3,3,3,3,3,3,1
19,6,3,3,3,1,1,1,1,1,1
0,31
-31,14,0,3,1,3,3,3,3,1,3,1
-10,29,2,1,3,1,3,3,3,3,3,3,3,3,1
23,48,1,1,3,3,3,3,3,3,3,3,3,3,3,1,1
47,35,3,1,1,3,1,1,1,1,1,1,1,1,1,1,1
43,-22,0,3,3,1,1,1,1,1,1,1,1,1,1,1,1,1,1,1,1,1,1,1,1,1
-46,21,0,3,1,3,3,3,3,3,1,1,1,1
5,-30,2,1,3,3,3,3,1
46,-34,0,3,3,3,1,3,3,3,3,1
28,37,1,3,3,3,1,1,1,1,1,1,1,1,1
-47,-32,3,1,1,3,3,3,3,3,3,3,1,1
9,-36,2,1,3,3,1
-47,-22,3,3,1,1,1,1,1,1,1,3,3,1
14,29,1,1,3,3,3,3,3,3,3,3,3,3,3,3,3,1
-31,-31,1
-47,45,0,3,3,3,3,3,3,3,3,3,3,3,3,3,3,3,3,3,3,3,3,3,3,3,1,1
-19,25,2,1,1,1,1,3,3,3,3,3,1
-38,-36,3,1,1,1,1,1,1,1,1,1,1,1,1,1,1,1,1,1,1
22,11,3,1
2,-39,2,1,3,3,3,3,3,3,3,3,3,3,3,3,3,3,3,3,3,3,1,1
-14,-42,1,1,1
30,-28,0,3,3,3,3,3,3,3,3,3,3,3,3,3,3,1
-45,12,0,3,1,1,3,1,1,1
-22,28,2,1,1,1,1,3,1,1
-38,-3,3,3,3,3,3,3,3,3,3,3,3,3,1,3,1
-4,-12,1,1,1
-42,23,0,3,3,1,1,1,1,3,1,1,1
4,38,1,1,1,1,1,1,1,1,1,3,1
46,3,3,3,3,3,3,3,3,3,3,3,3,3,3,3,3,1,1,1
-26,-44,1,3,1,1,3,3,3,1
17,7,3,3,1,1,3,3,1
39,-35,0,3,3,3,3,3,3,3,3,3,1,3,3,1
-1,-45,1,1,1,1,1,1,1,1,1,1,1,1,1,1,1,1,1,1,1,1,1,1,1,1,1,1,1,1,1,1,1,1,1,1,1,1,1,1,1,1,1,1,1,1,1
22,23,1,3,3,3,3,3,3,3,3,3,3,3,3,3,3,3,3,3,3,3,3,3,1
28,-7,0,3,1,1,1
-46,-35,3,1,1,1,3,3,3,3,3,1,1
-23,-9,3,3,1,3,1,1,1,1
-26,-9,3,3,1,3,3,3,3,3,3,3,1
32,-44,2,1,1,1,3,1,1
46,-8,0,3,1,1,1,1,3,1,1,1
28,-37,2,1,1,1,1,3,3,3,3,3,3,3,3,1
27,20,3,1,1,3,1,1,1,1,1,1
-9,-3,3,3,1
0,-24
44,3,3,3,3,3,3,3,3,3,3,3,3,3,3,3,1,3,1
21,-37,2,1,1,3,3,3,1,1,1,1,1
-48,-18,3,3,1,3,1
35,0
32,-38,2,1,1,1,1,1,1,3,3,1
2,-16,2,1,3,3,3,3,3,3,1
-30,31,2,1,1,1,1,1,1,1,1,1,1,1,1,1,1,1,1,1,1,1,1,1,1,1,1,1,1,1,1,1,1,1
21,0
1,-28,2,1,3,3,3,3,3,3,3,3,3,3,3,3,3,3,3,3,3,3,3,3,3,3,3,3,3,3,1
45,1,3,3,3,3,3,3,3,3,3,3,3,3,3,3,3,3,3,3,3,3,3,3,3,3,3,3,3,3,3,3,3,3,3,3,3,3,3,3,3,3,3,3,3,3,1
14,-35,2,1,3,1,1
-39,12,0,3,1,1,3,3,3,1
-3,32,2,1,3,3,3,3,3,3,3,3,3,1,3,1
39,-17,0,3,1,3,3,3,1,1,3,1
-26,-40,1,3,1,3,3,3,3,3,1
37,20,3,1,3,3,3,3,3,1,3,1
11,48,1,1,1,1,3,3,1,3,3,1
-2,41,2,1,3,3,3,3,3,3,3,3,3,3,3,3,3,3,3,3,3,3,3,1,1
