38,-100,-6785,1
76,-130,-3822,1
31,-22,7,2
139,-79,-372,2
-22,23,3224,2
45,-122,-5340,2
-44,17,1882,0
-20,-38,-135,1
99,182,7199,1
-91,38,-1574,1
-27,-40,4516,3
19,43,907,2
-22,-125,1774,1
-44,-87,3675,0
53,24,493,0
-32,27,-1371,3
-112,-49,4157,1
-18,18,-241,0
-150,-4,-6044,0
49,-15,242,3
-30,-104,-1619,3
14,21,255,3
22,7,906,3
-52,83,-3180,0
21,140,2654,1
-82,-151,12514,1
-75,110,-558,1
58,-22,-1737,3
98,-37,936,2
42,-52,-884,0
-38,-68,-1412,3
-60,59,-1009,3
107,53,4455,0
21,-91,-2389,2
0,58,-2933,2
26,1,-2,3
-111,-46,-1233,3
-3,6,94,3
27,-125,-5764,1
5,31,-260,1
1,36,2048,2
-118,-172,12243,3
57,-60,311,2
57,-14,-1674,3
-96,-15,2248,0
-26,7,90,2
87,-92,-4658,2
55,-5,-833,1
-173,106,-10729,0
202,-99,-3998,0
131,27,5189,3
159,-131,-10869,0
11,20,529,3
15,40,-59,1
31,155,-1446,2
-26,-9,394,3
-101,21,965,2
-68,-230,-2687,0
-38,-70,1927,2
12,9,72,1
21,66,-2432,2
-18,143,-1522,3
-16,-128,1765,3
-67,-6,182,1
41,23,158,0
115,-170,-7740,0
-165,-10,-3614,1
-36,-27,-271,1
31,-63,-212,0
14,67,-81,2
-6,-53,1055,3
25,60,-7696,2
115,117,13940,2
86,-40,-8281,3
-28,10,-405,2
26,-87,-5280,1
-6,29,162,2
-39,11,-457,1
13,-8,877,1
-10,9,-96,1
-12,76,471,3
-23,88,748,3
35,-71,-1290,2
-53,282,-2998,3
41,89,3835,0
4,-99,1066,1
-71,-128,-380,0
-24,-15,277,0
1,11,574,3
30,120,5588,2
-16,64,211,0
43,-44,-2681,0
-75,65,-5389,0
17,-108,-2017,0
-78,60,-240,3
-55,45,-5626,2
26,-180,-7377,0
-9,10,-247,3
-92,40,-3334,0
6,-28,-225,2
-39,48,-112,0
-46,-102,8557,1
13,-30,796,3
38,-99,2477,2
-31,47,-2252,3
-1,56,-1449,2
-38,-28,-32,1
-8,73,658,1
-24,-132,5939,0
51,-4,-568,0
117,68,1637,1
-55,-27,-455,3
79,222,8184,1
137,-65,83,2
-194,-47,2918,2
-36,36,-835,0
-22,34,-577,1
16,10,-19,0
-16,65,4614,2
-97,62,-1335,3
0,-7,561,1
67,-91,-140,0
91,92,2618,0
9,102,1842,0
-7,-7,896,0
47,19,-926,0
-4,65,-1807,2
-51,115,-5185,0
-39,-53,-386,3
-131,15,1005,3
-90,-43,2458,3
72,-165,-12323,2
-114,29,-4230,2
13,61,-3583,1
-6,-52,-556,2
-7,32,-296,0
12,-21,-220,2
91,184,10788,1
-11,-108,-3873,0
122,8,-3588,3
-24,-105,6547,2
56,-20,-137,3
-87,29,-6046,1
-32,96,-403,1
8,2,-100,1
-130,9,7798,2
5,-32,-3457,3
-13,-3,-180,2
25,-46,1646,3
-111,-140,3207,2
-42,-128,2879,2
-8,-10,101,1
-127,-70,-603,0
16,6,1,3
95,32,1782,2
-13,-120,-992,0
-119,-57,1727,1
-239,26,-10759,3
-104,88,-8455,1
104,-7,-1445,1
-73,38,-1170,3
-44,-168,5788,1
66,67,-864,3
2,-7,-1775,0
-52,-16,1626,1
-12,-22,245,2
-4,-9,107,3
55,-125,-13954,0
-118,3,3057,3
-173,44,-6996,1
-21,17,-290,1
-9,2,-56,0
64,34,1841,0
4,-15,-481,3
109,81,4712,1
-73,16,994,2
59,68,413,0
30,54,9449,3
8,9,217,0
-58,-33,728,3
6,138,-4425,1
97,4,408,2
-144,-14,6869,3
-139,61,-6921,0
60,180,647,3
-20,-25,1980,3
59,44,2564,3
13,61,769,0
-16,38,-2387,1
-95,-70,3083,1
1,14,215,0
180,69,-358,1
-39,30,-680,3
-18,14,-12,1
46,3,397,0
-44,57,-1184,3
26,7,135,1
-27,-52,295,2
27,26,1361,1
-111,-26,2681,0
101,18,4135,2
-77,51,-2517,3
-21,-39,-1326,1
-25,5,-303,2
20,-35,1409,1
6,14,-56,3
6,2,267,1
-96,-54,215,3
18,-57,-1085,3
17,-67,-1082,3
-2,33,3507,2
-112,123,-8295,1
10,-2,437,3
15,-52,801,2
43,89,1339,1
-46,-123,-212,1
27,-35,14,1
-13,16,1185,1
1,4,11,2
8,1,-1036,2
-93,-7,-729,3
51,50,-2507,2
11,52,370,3
-46,-40,1629,2
-202,39,-8546,3
49,-41,596,1
14,56,261,0
-60,-36,2623,0
-30,-49,992,0
-35,-59,196,2
-42,-46,1330,3
-11,-26,-105,3
-68,49,-2158,2
53,-90,-4337,1
33,168,-579,0
80,18,456,2
76,15,332,3
28,92,-246,3
-37,-74,821,2
90,-13,1758,1
-50,-69,-2075,0
-76,2,991,2
12,26,-36,1
153,-92,-9351,1
-92,90,-6201,0
-40,50,-2574,2
-2,7,-32,0
3,-25,110,2
99,-136,-7682,0
-55,-146,7152,1
128,43,3150,0
3,70,-4020,3
-139,52,-4863,2
136,22,-6270,1
-17,-3,-58,0
81,44,2058,3
-115,6,-1093,3
63,0,2,2
132,-74,-3849,0
-62,-55,2767,1
36,82,6912,0
10,-31,2647,2
-9,-3,767,2
33,21,371,2
11,-37,-114,0
104,77,6024,0
-1,-7,-50,2
9,-41,-484,1
17,154,1557,3
32,-47,5186,2
-33,14,-571,0
-14,-35,-240,2
-36,21,-679,2
-68,-84,-1228,3
-2,-7,-1295,3
124,20,-1451,0
22,93,-2517,2
-66,-12,-916,1
-3,-28,-586,1
-75,-108,6673,2
-9,38,-1704,3
-83,-7,-811,0
3,-165,-1476,3
13,4,-127,2
32,-22,-436,0
29,-32,-87,3
-54,-69,2429,3
2,-5,-22,2
-70,197,-9499,2
32,82,4621,2
-39,-17,-1285,1
-69,28,1291,0
11,31,-1654,2
61,35,1840,2
-28,-12,54,2
-6,-32,-838,3
-34,-11,103,0
-65,76,-6705,3
-52,5,-896,3
-42,30,554,1
34,-26,-658,1
-23,95,-2003,2
-43,0,-3724,1
38,-16,-480,1
11,126,4219,2
-46,77,-970,2
103,117,11071,0
30,-91,2986,3
7,52,2364,3
45,-12,1243,1
-29,-87,1914,3
19,101,3022,3
19,68,1791,2
127,53,3398,2
2,30,371,2
-21,6,944,0
-61,-53,-495,2
2,-76,-2432,1
-20,8,186,2
112,-45,-565,1
16,-59,1889,3
-36,80,-2325,2
6,-10,-59,0
10,-24,164,2
-112,-91,-1051,0
-67,-70,2343,2
-61,-16,-1229,2
-9,11,-214,1
36,25,3405,1
108,130,10033,3
-1,158,18,1
15,-3,-73,0
-56,-86,2595,0
6,135,-1651,3
-75,50,-1109,2
133,104,5718,2
136,-37,-2062,0
9,-16,-800,3
-36,187,-9307,1
-5,99,-2676,0
-102,107,1649,2
-53,75,8948,2
-117,85,-1774,2
-25,18,436,3
6,-79,2006,0
0,66,2194,1
-14,29,-132,1
9,-11,-94,2
7,70,-1876,3
5,-3,-40,3
17,-33,-336,1
44,8,197,3
-12,-15,-322,2
-62,-41,319,3
-14,-9,104,1
-90,-13,1876,3
-97,13,5683,3
-73,-124,3956,2
-8,59,353,3
-41,114,-4263,3
-40,-16,411,0
-6,-211,2656,2
-18,-26,516,3
45,34,-3781,2
-9,-3,1120,1
96,-32,-2281,2
-45,-30,-148,0
19,25,-423,1
113,57,3203,2
-27,35,-1027,0
-80,49,-927,2
22,-9,197,1
-46,-37,1588,1
-49,-5,500,0
114,-10,-1865,2
-27,66,1741,0
77,-61,-2833,1
9,-5,30,0
117,-42,-4841,0
-52,43,-1833,1
-85,119,-3665,0
-27,-32,211,0
-39,-48,-3217,3
-134,-97,-7973,2
67,6,2533,3
0,-24,-88,2
5,12,-441,1
-32,-69,1336,2
37,6,314,2
-58,-97,9076,3
56,56,1256,2
-69,-33,5236,0
35,54,1667,3
-46,-50,3024,3
-14,19,1016,0
-86,19,-3988,0
34,80,486,3
-95,48,-2174,0
-17,-3,2780,0
-31,105,56,2
-130,7,3475,0
-149,82,-5959,2
17,-6,59,2
-102,-112,7952,3
-15,-7,724,3
-42,38,466,1
-31,-28,255,0
81,-50,-4951,3
34,48,2661,1
26,129,-2594,2
-55,123,-4793,1
-17,33,1108,1
-82,-92,-546,0
-13,-123,4524,2
-103,46,1636,1
-68,35,-3229,0
0,-5,2376,2
107,76,5168,3
-3,-209,4222,0
-49,4,753,3
-54,-80,2695,0
-1,13,-37,2
6,10,-39,3
116,-27,-2936,3
108,86,4911,2
-16,45,-144,1
-49,24,-2919,1
-151,-124,9423,3
14,-46,-1875,3
-85,-19,2514,1
85,-130,-6417,1
-8,49,-325,3
25,25,362,3
142,-187,-18414,2
81,53,6234,0
-60,39,-1190,2
39,-17,563,3
-45,-7,-755,1
-66,41,-3863,3
91,66,4618,0
-84,-18,-886,0
-12,10,81,2
-7,42,170,3
99,-23,-3957,2
46,-84,-3,3
-2,-30,-453,2
10,4,-64,3
8,-67,-4744,1
-18,19,-780,3
31,-107,8518,2
-98,28,-3863,0
-38,24,95,1
131,118,4648,1
59,0,-1050,2
19,0,36,3
-76,-127,5997,3
22,7,3201,3
-55,28,-2748,3
128,40,2099,0
201,8,2346,1
-111,-32,-1176,2
11,6,-123,2
37,-21,-443,3
9,-18,2254,0
-30,-4,-1548,3
1,24,64,1
-213,-171,20595,1
-39,-61,-2897,0
9,42,1127,2
-12,58,-923,2
-38,202,-4495,1
-6,34,-52,1
-47,98,-4867,0
-1,50,-159,1
15,33,2779,3
-112,157,-7293,1
-10,51,-435,3
172,-133,-6086,3
-15,3,40,2
-8,38,-960,1
-4,5,812,1
-80,-64,748,2
14,40,331,1
-3,-46,-541,1
-91,-35,1228,1
92,-92,-19185,3
-17,10,2198,2
-25,-14,651,3
4,-50,-271,3
67,17,54,2
-47,-128,6034,3
1,-8,-13,3
-26,-47,1258,3
-172,43,-10519,0
-98,-18,-4142,3
-7,-7,-9,1
-43,-39,2430,1
101,-9,1551,2
1,-13,-116,0
-52,73,-4142,0
94,-45,-1083,3
-178,79,-7192,1
23,17,55,2
-70,-22,272,1
-27,-18,1062,2
-69,-33,-399,2
2,-76,3014,2
-128,2,-1869,2
-91,-128,2518,0
-6,117,-2267,1
-102,-139,-251,1
0,-2,638,1
-54,-57,3063,2
12,89,3483,3
53,-109,-4260,1
93,-42,-4948,0
51,-36,2405,3
7,5,28,2
74,-8,1253,1
-40,17,-3252,0
4,4,-46,0
24,-5,-93,3
-99,113,-1099,3
70,-79,1632,0
53,-82,2485,0
111,-61,1711,3
-71,-29,2783,0
61,-12,-506,3
48,-64,-940,3
31,-30,-2240,1
-8,-50,-5206,3
15,-55,-2525,2
-16,52,-970,1
-161,26,-4497,3
2,8,3513,1
26,74,1033,1
40,-67,-319,2
-72,-4,-1294,1
242,-90,-13619,3
-160,-82,14746,1
4,-22,-112,1
45,13,439,2
17,9,289,3
9,87,-3629,3
112,-7,-155,2
-35,45,-254,2
-22,-98,1132,3
-147,-19,-3174,2
-68,-58,3742,0
-1,51,-122,1
142,45,2095,2
17,-13,45,1
-103,-63,-871,3
-55,39,-2030,2
-103,-173,12103,3
3,5,-3236,1
-86,36,-1535,3
69,119,5199,0
-2,-29,46,1
47,110,1146,1
14,-145,1822,1
-82,35,-579,1
42,-88,-2287,0
5,-12,-152,0
-5,67,793,2
70,0,-1398,1
67,12,1698,1
83,-9,-4985,3
66,-25,1191,2
-53,-86,2406,2
-60,-67,1860,0
-2,-73,251,3
-85,27,-5311,3
-102,106,-2587,3
-94,30,-1601,0
-21,-30,-1987,1
-49,48,108,0
-158,-84,-6282,0
-48,-27,281,3
-37,-65,399,2
-87,-133,-3564,1
-5,17,-1215,1
-6,-6,4662,0
95,19,-2783,1
108,10,-1513,1
59,118,3209,2
23,47,1499,2
25,-18,-63,3
25,-150,-3872,1
-81,14,2364,1
2,9,47,0
29,-53,-1543,1
2,40,717,1
-89,61,-2955,2
-89,-26,-1240,2
-50,-36,990,2
-90,59,-6169,1
-61,-43,373,0
-45,46,-3189,3
13,44,-684,2
40,-75,-2862,1
80,1,3734,0
-14,-4,-2519,3
-128,-28,415,0
-40,-97,4844,3
-36,102,-3417,2
-84,-5,-560,0
-19,-30,367,1
15,81,13398,1
10,28,351,0
108,53,2377,3
112,-77,-4928,3
31,-43,288,3
57,88,-3497,1
9,30,-6,3
-90,169,-3332,1
-64,144,-14418,1
100,154,7846,2
35,-11,411,3
58,23,3547,3
-26,5,-693,2
-15,-78,897,0
31,145,-2720,1
84,-38,-1889,2
72,-57,-2421,3
-22,96,-1901,1
-74,16,-1593,0
-8,35,146,1
53,46,722,1
-46,42,3962,3
-85,100,-12022,3
19,-52,-534,3
-108,74,-3940,3
-47,-47,805,1
3,-148,-2006,2
-69,-4,-992,0
-67,18,-5012,2
34,-68,922,2
-91,139,-6685,3
-20,-79,-2771,1
-63,65,-1793,0
18,141,3738,0
107,-148,-588,3
7,5,38,3
-23,-12,-1608,3
4,-92,-2363,3
24,113,4423,2
-14,26,-179,2
3,12,-519,0
-8,34,3881,2
-13,133,-3951,2
115,-139,-8676,3
10,-70,2225,3
-26,35,146,0
98,-38,-5314,0
-21,-43,-1253,3
-3,18,-286,1
20,12,416,3
84,102,2425,0
-46,-18,-1650,3
-23,-4,109,2
-7,-4,87,2
56,6,166,3
18,-88,-1652,2
-17,4,-233,0
190,-214,-15717,0
-28,74,-5433,0
4,27,193,3
-3,-1,1070,2
169,-178,-19414,1
-9,-26,754,3
12,-15,374,0
-206,-113,15940,1
81,32,5635,1
151,97,8424,3
10,84,816,0
-5,38,-352,1
39,49,1626,2
-73,29,142,3
-22,18,1624,1
-131,-147,-856,2
0,66,-301,0
-96,-8,-1232,0
218,-56,-429,0
22,31,90,0
-41,86,-6099,3
-23,110,-5489,1
-73,101,-425,3
-19,-81,-2049,1
-92,18,280,2
56,2,2985,3
-43,-18,1001,2
-32,38,-904,0
33,45,1261,0
1,64,-1310,0
69,-9,662,3
3,40,284,0
91,-96,-10395,2
3,-13,164,2
-31,-42,1635,2
-47,38,-720,1
-36,30,-2428,2
-81,-43,1388,3
-54,-35,70,3
-35,-50,-1517,2
-1,95,-197,1
42,-10,-2090,1
-146,133,-9140,2
-169,-70,10450,3
49,-53,1944,3
-169,-106,10251,3
86,-152,1493,2
17,-2,9,1
-141,74,-2848,1
66,-22,-779,3
-60,122,-5935,1
85,91,6703,0
60,-2,2453,1
91,49,3893,2
76,-6,1722,0
-24,62,-1578,3
31,-21,10,3
-77,85,-6515,0
-136,19,-370,1
-39,-49,2199,1
-198,-39,3834,2
-110,43,-7646,1
-72,44,5117,0
14,-29,239,3
136,69,1312,3
-59,-72,2200,2
109,-77,-7037,1
37,107,247,0
-1,-16,-580,2
-15,1,-120,3
42,-50,-1074,3
20,-22,4,0
183,-8,-2716,2
12,-56,-756,0
21,6,-82,1
45,-65,-1483,3
14,4,263,1
19,41,622,3
-43,99,-9174,1
50,231,6903,3
50,-118,-3232,3
23,-82,-4838,0
-102,-78,6401,1
-38,-3,-1286,2
-7,-51,-754,3
-34,125,-7376,0
57,-143,902,1
156,14,-2683,2
-214,5,-2378,3
-139,-90,6214,2
114,66,1124,1
-128,-132,6926,1
-3,61,2328,2
8,193,5939,3
91,129,11604,1
-81,127,281,3
-126,38,-2231,1
23,54,278,2
21,162,-621,2
-86,39,1041,2
173,-104,-9366,3
-17,6,44,0
-12,-7,138,0
6,54,-792,2
-32,-65,3181,3
-62,95,4094,3
0,-36,-6,3
-9,18,62,0
-82,101,-3184,1
42,5,-575,2
21,-75,-5905,0
-291,35,-12686,1
3,10,113,1
98,-85,-7603,2
-86,-50,2534,1
28,80,3317,0
-67,52,2229,2
-44,23,-3253,2
24,62,1739,1
-56,-18,1035,0
-94,-117,9639,1
-13,39,-490,3
-9,-23,-2465,3
56,152,2848,1
-16,69,-147,1
11,-13,-109,2
-39,-20,-1377,0
-29,38,-2387,3
41,15,-512,3
52,84,5524,3
-2,6,8,3
6,102,2936,3
21,-57,-1425,0
99,-30,4842,0
-125,-34,-1601,2
43,72,1144,3
-29,91,-4831,0
-35,-34,916,0
-38,-16,745,0
-135,-29,4678,2
-17,16,-916,3
-29,-70,-657,0
135,-35,3228,1
-78,-96,-56,2
19,-64,-1159,1
-86,-102,5673,1
32,-104,-4791,3
73,-46,2798,0
9,-15,877,3
19,82,1146,3
101,-28,-1591,0
121,-71,-7989,3
50,110,1839,0
-14,10,-821,3
-10,120,1018,1
-91,24,-562,3
29,23,-1037,3
14,-56,2359,0
-18,41,16,3
96,186,7203,1
-5,67,258,3
-8,-69,-2818,2
37,-59,2385,3
-14,22,121,2
17,-15,1457,1
42,-91,-1380,0
14,-72,-6853,2
-14,-62,815,1
0,-26,734,3
-11,-28,894,0
23,-6,-408,3
-99,-76,5161,2
18,9,60,1
28,-32,1282,1
-53,-53,4792,2
-13,13,572,2
10,65,2588,3
104,-62,-1771,1
149,-52,-4450,2
45,40,2556,2
0,3,-13,1
157,97,27986,0
-35,38,-949,2
-53,-13,-490,2
-35,97,-1182,1
36,-129,-2630,0
-2,35,964,3
-98,126,-8064,3
42,-52,-3407,0
-121,30,-3443,3
21,-12,448,2
78,-21,-1169,3
36,155,4528,0
71,-68,1020,3
-56,38,-105,0
8,-68,-1096,0
-66,-69,918,1
81,33,450,2
94,-4,-4643,1
9,-31,-3,3
-25,52,-1814,2
185,55,2759,1
63,-85,934,2
-50,56,-1753,3
-15,92,-2534,2
1,-45,-538,2
5,-246,-2968,2
-93,109,-5479,2
46,44,523,1
82,69,5497,3
-69,27,-433,1
-52,26,640,1
-28,-92,3162,3
-34,-220,12738,2
89,38,-254,0
7,72,-2127,1
56,72,6290,3
-96,-29,4954,3
65,-150,-3491,3
-90,61,-856,0
-96,46,-1169,0
27,-88,-25,3
40,-15,-116,2
21,12,634,0
70,-126,2609,3
-65,25,2304,0
11,-7,-594,1
6,14,-324,0
26,15,-2529,3
4,-160,-5712,2
53,86,7736,2
-176,-61,8076,1
-2,58,680,2
140,-38,-2309,3
-53,-24,7200,1
-44,-94,1604,3
71,-17,-5020,0
31,38,-2457,2
88,27,3546,1
18,45,742,3
42,13,1276,1
222,97,16790,1
88,89,4236,0
-62,-32,-639,2
-53,-68,1212,3
-25,2,-1635,0
-43,86,-7994,3
-21,41,-1864,0
-111,7,7898,1
-41,200,-6402,0
6,-21,-26,3
31,-2,1544,2
-48,-88,1912,3
33,6,-612,0
173,51,5136,1
-55,116,-5275,0
-54,-162,5332,0
82,48,1654,2
103,-24,-941,1
121,-13,6765,1
-54,26,-1470,3
4,82,-1935,2
-4,-32,18,0
67,-25,-1990,1
-104,17,1930,0
-1,6,-56,0
-5,-44,638,3
98,26,1980,0
15,-16,321,3
-117,11,2783,2
85,78,2761,3
7,-3,308,2
-133,293,-18884,2
-50,50,-3612,3
22,-30,-1934,1
37,-101,-3706,1
-120,-5,-3171,1
-57,23,-3152,3
-55,-41,1375,1
10,5,33,0
40,85,1257,0
75,-109,-2715,3
22,32,1256,1
-24,109,-4605,1
31,-22,-1867,3
-31,83,-4615,3
-39,-39,860,0
56,33,-2090,0
-49,41,-1355,1
61,-72,-2655,3
-56,-51,1682,3
14,11,36,3
-30,-32,-480,0
12,0,1803,3
-40,110,-811,1
10,139,1213,2
55,-85,2572,1
-97,21,-2002,2
42,111,5022,3
71,59,348,2
37,-81,-3207,0
-65,-86,-1397,3
74,-108,-1073,0
140,-147,-12652,0
-127,-98,-5184,0
188,120,17920,2
131,70,2835,1
-68,37,-2347,2
4,19,5001,1
68,1,158,1
-28,-65,2021,3
-130,-40,1249,1
-105,-74,1179,0
89,83,3085,1
-20,-117,1195,0
56,56,1785,3
145,10,1274,0
29,-61,-850,0
195,58,6842,1
229,-99,-4822,1
-110,-24,2532,0
-15,-5,-88,0
127,10,-2894,1
36,-62,1299,1
-6,61,-279,2
-42,8,-418,1
15,-38,-63,0
79,37,1589,0
-72,30,-1411,3
50,-27,-1983,0
33,2,4837,1
-59,38,-4511,1
28,-28,6093,2
15,-46,-255,2
-13,-91,8730,0
116,17,1784,1
-72,-132,-925,2
20,24,285,1
96,-50,-3583,3
30,18,-119,1
20,74,3539,3
-5,-44,-19,3
-76,62,-3694,1
50,-107,1152,1
-43,-29,-1561,1
8,-38,-2328,2
184,-6,7543,1
55,-10,-452,3
-14,15,-1386,0
-59,60,-2894,1
121,16,4183,2
1,-23,203,3
52,-86,-3935,2
20,53,2265,3
40,94,1290,3
68,-14,356,3
1,-74,2054,0
2,-21,1872,1
-45,161,-2558,0
-28,-45,-156,1
44,-54,-4422,1
-40,25,-168,1
-6,-67,506,1
-4,33,1012,1
23,-4,796,0
184,4,-5115,2
112,199,16108,0
-67,-23,-151,1
16,-47,1168,1
31,53,-93,3
-10,20,468,3
-10,-60,376,1
-18,-4,-1090,0
4,-49,-417,1
2,1,6,3
-61,16,-339,0
-21,-19,-666,2
-16,-2,-1639,1
45,4,1365,3
-12,50,-576,0
-12,17,-634,0
-66,76,2012,1
-70,-8,3486,0
33,65,6060,0
-55,90,-1932,0
-28,12,-207,1
-35,16,-1372,1
-41,15,-896,2
31,68,2029,2
-139,-89,6869,2
-64,62,-7861,3
5,-73,-155,0
-42,216,-9659,0
50,30,186,0
2,-102,2148,0
-10,-31,-1403,3
-28,93,-2072,3
8,27,1652,3
-50,-23,-855,0
46,25,1678,0
36,-43,845,0
20,-6,575,2
18,-133,1062,1
4,15,111,1
76,12,-2359,3
-1,25,166,2
47,-125,1682,2
10,-44,-2187,0
-109,-10,1170,3
-15,35,890,2
-33,-76,-2329,1
103,29,410,3
-106,183,-1572,1
45,-99,-4797,1
-66,-6,1396,2
-104,-36,4236,0
-57,22,-1810,1
97,-71,-7521,0
-4,54,-1350,1
-107,-80,-1920,1
-1,-131,-1702,3
-21,-131,7921,2
-20,-100,3052,3
10,-76,421,1
-18,28,-1247,0
59,23,1416,1
118,28,3786,3
-76,-1,-589,1
-176,46,-8197,2
35,45,1163,2
28,-55,-3666,3
60,-78,686,1
143,-76,-5028,3
-33,-24,-83,1
-18,-115,8331,1
44,-123,-6592,2
-49,-115,-5715,1
44,-20,310,2
16,138,459,2
-106,112,-6703,0
107,-13,565,1
-60,-33,1317,2
-18,-211,-5185,2
74,38,769,3
7,117,842,3
-4,-37,-1001,1
176,76,14767,1
-28,-21,674,1
-86,-7,-2222,3
-49,-3,-1164,1
-13,16,-974,3
59,-48,-3109,1
-49,23,356,3
21,-35,-3842,3
-119,161,-25671,3
0,2,-67,0
28,31,1192,0
-115,77,-5389,1
-35,-172,-11858,1
15,-85,-4112,1
28,6,2984,2
-109,17,-3091,2
-63,13,-2897,2
14,18,1443,0
-18,-4,248,1
-195,-21,6391,2
3,-81,2069,3
-20,-32,1069,1
-49,93,-8266,1
88,89,-565,3
34,-8,1811,1
248,-20,3889,3
0,13,-2039,2
34,-12,-674,0
4,-29,-611,0
34,30,1278,1
23,6,4904,2
36,9,143,0
-11,18,-181,3
29,20,-125,2
-11,61,1580,3
77,32,4301,3
-15,62,1866,1
-110,-64,2973,2
40,41,-2982,3
-80,30,-2881,1
44,159,2457,0
-29,-16,-2794,0
19,-27,-723,2
-13,119,-3574,1
16,16,715,3
42,236,-4229,3
-28,5,293,0
73,0,150,0
-56,66,1080,0
-2,-20,393,2
41,35,375,0
66,33,734,1
8,33,154,2
90,-35,-3118,1
25,-47,709,3
-27,14,1809,1
-76,-12,2241,3
-17,-28,-72,2
109,-17,-6067,2
50,34,1374,0
10,-2,0,0
24,3,-3116,2
-2,48,1400,3
-42,79,-6718,2
-14,18,-751,0
44,-34,-6154,2
89,33,2427,1
-6,-20,51,2
20,58,803,0
29,-9,-197,1
-24,50,1495,2
96,-28,-1302,1
2,-30,-113,1
26,-65,3390,2
7,0,-4,0
77,-27,-1803,2
-138,-145,18226,3
56,-61,-724,2
2,15,-19,0
-65,-88,1099,3
2,124,4354,3
27,6,-91,2
68,97,1962,2
5,-22,-708,0
-190,-51,-4008,0
-16,40,-581,2
-19,32,-518,0
49,114,-4414,0
-12,38,1319,1
1,-101,899,2
26,30,426,1
-202,-51,2233,1
22,-100,3150,3
-59,-2,2438,3
24,74,2565,1
66,-17,-1349,2
-4,-2,6,0
-1,4,-19,0
180,-20,6268,0
167,84,13779,1
-91,-31,4304,3
23,48,1121,1
21,25,628,1
-1,-38,334,2
-6,-152,1055,3
32,-100,716,2
31,-37,4172,0
-29,20,-379,0
161,17,-976,2
-125,49,-8794,0
42,83,2859,2
8,45,744,2
-1,-258,-2759,3
64,65,4328,1
-41,90,-842,3
-56,-40,3968,0
36,18,2217,0
12,49,-1796,3
85,6,8180,1
41,-41,2472,3
27,16,-20,1
-10,10,-2,0
-69,16,-922,0
-63,-87,-4408,0
38,-210,-13272,0
-38,-20,1579,0
38,107,3108,2
55,13,548,1
-8,28,418,2
33,18,1054,2
64,-202,-6804,1
-165,89,-10699,0
-15,68,-1599,0
6,-5,-1953,2
-58,-56,1973,3
-59,-40,602,2
2,-48,-1644,3
-28,-61,773,3
61,9,760,2
-77,158,-1928,1
-130,103,-10394,0
-88,12,489,3
25,-7,2494,0
-44,25,2901,1
10,75,-3012,2
-60,100,-8867,3
-23,-62,386,3
14,32,-513,2
-7,-4,119,2
56,-14,-824,2
-2,-109,-1605,0
-70,23,-648,2
0,-2,-1231,0
30,31,655,0
19,4,376,3
0,24,-53,2
12,-26,49,3
207,-130,-7835,0
-19,20,-579,3
-6,-52,-4514,0
12,147,-3953,3
-47,-22,1144,2
1,-3,-3,1
79,-46,-3957,3
-19,0,-169,2
167,-54,-2577,3
-81,-56,-903,0
-79,67,-3183,0
1,9,102,2
-110,26,-5626,1
-28,52,-3301,1
39,71,2923,2
34,92,3630,1
-18,-57,896,2
-39,19,295,3
69,-34,-1476,3
-34,-14,-592,2
-4,26,99,3
16,-16,-76,2
-70,45,6025,0
-13,-28,526,3
110,-131,-8216,1
-33,136,-4889,3
127,20,2330,1
-5,1,14,1
70,-59,297,1
-18,35,-444,3
102,-95,-3296,3
18,-14,152,2
0,-5,0,0
11,-17,-218,1
21,242,-11006,2
-46,26,-18,3
-37,-49,726,3
37,-64,-1270,2
-68,-58,1255,3
-47,26,-1247,2
67,39,2661,2
58,-26,-1239,3
-53,-44,1501,3
-20,-44,3059,0
-85,-5,1606,0
-45,19,504,2
36,217,2956,2
6,-10,-366,1
19,44,625,2
83,-50,-6561,2
63,-64,-3220,1
36,-16,-126,2
3,6,-30,3
18,53,-2,1
20,-17,1245,2
-39,-53,927,3
-56,-36,1420,3
-57,-17,1166,0
55,40,3183,0
-27,3,223,0
95,108,7084,2
-8,-10,-85,3
2,-29,-1908,2
23,34,-785,0
13,79,2969,2
-37,26,-1285,0
-119,113,-6590,2
78,56,2671,1
-218,-118,8132,3
-60,-14,2159,3
-23,9,-422,3
-33,63,273,0
-114,-68,2014,3
39,-66,-656,2
-92,86,-5988,0
44,-121,-4070,1
15,10,170,3
24,24,283,1
-3,29,-664,3
-61,61,-5622,3
-173,-49,4120,2
66,-60,-5825,3
-72,159,-6967,3
134,2,-216,1
-54,-41,-1752,3
-34,-10,306,0
-41,-48,3264,3
33,-58,-500,0
3,17,6503,3
-127,-25,-1746,2
90,-1,-983,2
61,51,2944,0
-4,8,149,1
-19,-52,290,3
-10,-46,1025,0
53,-88,-5828,3
57,60,945,2
-51,-172,5500,3
-22,-152,11886,0
3,67,96,1
232,-55,-7579,1
-8,-61,-724,0
-61,-79,330,1
-76,-116,10680,3
-26,55,148,0
-98,1,-5331,0
-60,36,851,0
-26,52,-2186,1
39,111,-722,1
6,31,-245,0
62,-7,40,0
19,113,574,1
-6,-198,5645,1
172,18,-223,3
31,-102,-2400,0
26,46,931,0
233,113,9900,2
-27,15,-266,0
-19,-31,687,2
39,-82,-2311,3
-20,-39,-32,1
43,-22,-612,0
16,12,480,0
10,-17,-75,2
-60,77,-5781,0
-45,-52,2149,2
-3,-11,-1384,1
5,-17,-244,1
10,4,5,2
-1,23,140,0
168,89,-5687,0
107,16,-487,0
-44,-8,-1811,0
64,-3,2855,0
6,4,14,1
-95,-25,-439,2
2,62,165,0
-64,130,-4477,1
76,62,-212,1
24,70,1383,3
36,-52,-3019,2
31,87,1385,1
34,-6,894,3
-22,-5,-2055,3
56,89,1965,0
-14,9,-44,1
79,-72,-2653,1
-129,-98,5613,1
90,-89,-6317,1
-22,7,-525,3
-131,-153,10012,0
-148,184,-9305,1
-66,61,-1396,1
153,6,1525,0
-6,-28,730,0
-60,99,1165,3
26,-119,4267,0
-28,32,-972,0
-54,-106,-2215,2
-23,-8,33,1
40,29,424,3
-106,8,-2460,2
55,230,11641,3
61,-26,-2888,2
-56,-94,-1648,2
-142,35,-5769,0
-14,26,-566,0
-6,29,-909,0
-3,-67,-385,2
-37,-6,-353,1
-13,38,-272,1
23,-97,-293,0
-91,33,-3658,3
4,50,-297,2
-44,-26,-1444,1
45,17,502,1
31,30,441,0
76,-83,-6233,3
-32,-43,1538,0
-43,4,-188,2
104,113,8852,1
-29,-33,-169,2
-80,149,-2554,2
25,16,-39,1
4,-24,-96,3
-135,-125,9525,0
-89,-25,924,3
5,-222,751,2
-3,5,1740,1
-86,-166,10666,3
-11,102,-6953,0
2,-81,666,0
-13,-30,734,3
74,19,2401,0
-71,40,-1289,2
-82,18,-255,3
-150,82,-6159,0
46,8,-105,1
34,-104,-896,2
-38,26,-704,0
11,-68,-592,0
-20,72,-282,3
-58,-33,-4256,2
-41,-65,-489,2
39,-16,-244,3
87,146,11471,3
-67,135,-4243,3
-39,66,-1981,0
-7,-38,790,0
64,56,-629,2
34,9,-114,2
45,-10,-2346,2
55,53,8531,3
-80,21,923,3
-46,-43,311,2
-118,-136,4408,0
56,-88,-3374,0
36,177,16789,1
19,-5,383,3
0,5,111,0
-108,-32,4979,0
5,-10,583,0
19,4,-1607,3
-29,71,-1162,1
9,-27,109,2
-6,74,-2588,3
-68,-131,6279,1
79,17,1851,2
4,-50,-124,2
15,176,-6209,2
-111,-40,7256,1
10,206,-5930,2
47,-159,6501,1
-124,-71,393,3
-53,-8,1254,3
86,112,6852,0
140,-57,-10367,3
35,12,312,2
-56,21,-2141,1
102,-87,-12450,3
34,91,2787,3
-10,-13,-22,2
136,39,-5388,2
31,33,1884,3
94,-25,-2432,1
-61,47,-3305,1
-8,-35,4733,0
62,78,2194,3
-5,2,-97,2
-5,70,-1010,1
13,23,-762,2
2,-98,7820,2
46,75,2681,3
70,-5,177,0
-149,-44,3890,1
3,98,1082,3
11,29,301,1
-29,76,-3414,1
-2,11,63,1
-22,138,-2358,2
-22,1,458,3
4,-22,-533,2
82,-19,-759,2
33,14,1096,1
-29,51,-1033,2
-21,98,-91,0
1,-30,-435,2
24,71,878,0
-17,153,249,1
-38,100,451,3
-64,157,-4631,0
94,29,779,0
40,-86,-4283,2
-83,92,-3241,0
9,2,-189,0
-52,160,-5934,0
47,101,-231,0
36,3,-789,0
43,73,3289,0
56,-73,-440,3
99,63,2496,0
21,156,158,0
-1,-93,-4391,2
20,-9,-51,2
-80,-31,4478,0
20,82,4134,3
4,-5,23,0
52,36,-3048,2
-19,-39,-377,2
-45,71,-2489,2
84,44,3536,1
31,1,-204,1
-87,-1,3321,0
-96,-45,3527,3
-115,154,-10996,1
22,57,398,3
-147,-55,6606,0
-18,24,-406,0
-9,-32,-444,1
-1,31,-1000,2
45,107,1859,2
17,-2,148,3
-34,72,-1622,3
-12,-12,-5915,1
20,11,-44,2
-55,82,-4375,3
23,35,293,1
-76,-37,3394,0
1,-3,-148,2
45,8,1986,3
-42,90,-2029,0
55,82,2200,3
10,-68,-2346,2
-35,73,1382,1
-16,-25,-968,1
-119,-61,4473,2
26,-219,-3469,0
-70,7,-1335,0
26,21,-4299,2
23,15,-312,3
67,-22,-136,2
92,-65,-6533,0
-84,-10,-2172,3
-170,-39,5355,1
38,127,7487,1
-33,7,-895,3
24,-75,2667,2
54,61,3009,1
71,100,522,3
40,-25,622,1
-34,91,-1215,1
-42,-38,1109,3
-32,64,-1608,1
-13,-87,2141,2
19,9,887,0
10,29,-531,3
2,4,7,2
96,-99,-3982,0
-157,-12,543,2
53,54,3749,0
-12,130,5130,1
-159,59,2540,2
-33,-81,4380,0
-20,22,-483,0
-1,-56,2318,1
-47,89,-7365,1
-133,42,-9722,2
-41,-22,2046,1
-81,112,-3260,1
49,-62,-3244,3
1,-41,1,2
-42,32,-416,1
-61,-19,-861,2
-15,-13,381,1
56,-156,-5193,1
30,-71,-2068,0
23,-6,371,2
153,10,847,3
6,6,-26,1
12,-60,28,0
-248,-163,5313,2
-70,-20,2398,3
23,-9,1412,3
-94,14,5147,3
-22,43,-983,3
-32,-59,-816,2
82,-45,-1587,0
17,14,377,2
9,-33,-2812,0
99,103,6406,3
-37,23,-1121,0
1,85,4772,1
48,-83,-3076,1
111,-93,-6239,2
34,-81,-84,1
7,3,46,0
68,-54,-311,2
26,70,585,2
-62,-74,5129,0
-40,-31,-2,0
-9,-20,38,3
-76,161,-12192,3
-62,-61,2556,2
55,122,532,0
-45,-28,213,3
14,16,-58,2
-13,32,1893,2
-62,32,-4563,1
-20,22,-3488,3
20,9,835,2
70,19,1161,3
-22,-10,-1959,2
27,82,4695,3
-119,-115,11188,2
120,-16,-7782,0
-181,72,-21152,3
-9,34,-185,3
26,-19,-87,1
-23,-7,835,3
27,104,-3058,3
30,-134,468,1
-107,5,3970,0
11,-51,1352,3
-5,-76,724,3
89,23,3445,1
-245,106,-24215,0
-85,-81,1349,3
49,-2,-1933,1
-38,19,-447,3
-32,-70,7415,0
15,31,-300,1
48,-71,-2650,1
38,-46,-1997,2
28,42,-1,0
147,66,8839,3
33,11,41,3
-2,-9,2675,3
98,54,5515,3
63,-93,-4480,2
-6,-265,12873,0
-10,2,6,3
-52,13,778,3
-40,7,-522,2
54,-118,7892,2
60,19,712,3
-80,38,-1981,1
-20,28,-383,0
19,-59,-265,0
1,4,-125,0
16,41,183,3
-7,134,-10519,1
38,-31,-1760,3
-13,6,286,0
-98,92,-712,3
7,-76,1918,1
36,-73,-669,3
23,-22,-547,2
63,-19,1862,0
-160,130,-10131,0
33,-78,868,1
33,-11,-396,2
27,49,3732,2
-177,-113,3654,1
1,7,-31,1
-1,102,-4551,3
-30,-75,-885,2
117,-216,-11167,1
20,-23,-254,1
104,-101,-5431,2
-51,20,-1035,2
-175,23,-6298,0
-29,-95,-705,0
-77,-4,7691,1
18,112,421,1
-48,199,1755,3
1,0,19,3
66,-107,-23378,3
-46,-70,319,0
43,-34,-991,3
85,117,4702,3
-14,-185,6429,2
87,21,138,2
-51,-4,-328,2
-8,-57,921,3
121,-149,-3329,0
-35,-44,1913,2
-72,-35,-892,0
-8,25,-49,1
64,10,1511,3
-33,52,-1201,1
-59,0,2753,1
-17,9,108,3
12,-69,464,0
72,-68,-915,3
-14,-65,-123,3
-80,116,-6549,0
-37,137,-736,2
13,-5,-178,0
0,-45,-737,0
18,-87,-4274,3
-56,26,-2427,3
25,-36,-491,3
19,-15,-7970,3
107,-35,-2552,1
-83,51,-4091,0
16,10,14,3
22,-32,-325,1
-2,-47,258,0
19,4,-99,3
-54,128,2701,2
114,-101,-7166,3
100,141,7301,2
-1,46,5956,1
160,-29,102,3
-39,23,-275,1
-116,-7,-558,1
24,-81,-2060,1
-18,-63,974,3
143,-90,-13951,2
16,99,508,1
-71,-112,2833,2
-28,-122,2623,3
-78,189,173,2
33,-145,-8058,2
-23,-60,-4004,2
89,98,-1836,3
-4,2,263,0
-23,27,1830,0
-15,-13,-2037,3
29,17,-413,3
-44,-6,1185,3
-68,51,-7317,2
-35,-17,-1513,2
-39,23,-2683,2
10,-84,-1227,3
2,-1,-9,2
89,-87,-1636,0
-36,-118,390,1
23,-36,-749,0
166,80,7764,0
-112,21,-3255,3
-97,-14,-550,2
-13,36,-587,3
-44,22,-3587,2
85,-24,1445,3
-67,37,-965,3
-121,-96,7186,2
54,-20,-1955,0
-2,-137,-1034,2
2,12,149,2
-43,-18,1107,1
-55,174,-6163,3
-40,28,-1457,1
40,-9,-517,2
-201,148,-10182,2
-98,48,-6847,2
-154,-17,-731,1
15,-40,-4869,2
16,-33,-431,1
78,49,192,3
-7,-16,-359,3
-91,-68,-267,1
-86,21,76,1
20,42,-1156,3
79,49,-6040,3
29,13,106,3
-25,60,414,2
-163,-80,4788,2
-14,24,-402,2
42,74,205,0
4,-11,-108,0
-4,-51,184,3
97,-19,-2642,1
-40,-2,-369,1
70,32,-2295,3
-12,-87,473,2
47,-64,-641,2
-11,92,-768,1
85,-1,2703,1
-9,-64,-514,2
109,48,7366,1
-33,-48,219,3
52,8,-180,1
-28,58,1625,0
44,-61,2312,2
21,62,-210,2
165,59,9270,1
28,88,2784,1
-96,-148,12612,3
4,-103,-4295,1
115,43,4285,2
-3,-29,-435,0
-39,76,-3957,1
-138,-144,17665,0
103,7,-4700,3
13,7,-851,3
-63,-117,3095,1
2,93,1405,3
22,-50,-1069,2
48,40,1361,1
46,1,-997,1
29,49,1086,1
-22,-6,-10,1
-11,-10,-939,3
41,66,-3810,1
84,-160,-10393,3
10,47,814,3
-60,-28,-161,2
-126,138,-11482,1
-17,-33,525,2
10,83,-1106,1
38,6,320,3
-59,46,-1319,0
20,-116,-640,1
23,-69,758,0
-71,79,-2673,3
-15,-19,-8,2
-31,73,-2937,0
-15,17,-404,3
-32,-48,-462,2
91,-117,4960,3
30,-21,-649,2
3,64,1364,0
-27,-128,9110,0
67,-85,-1919,3
-25,39,-739,3
79,190,17371,3
-19,-51,334,2
68,-3,-1186,2
23,53,411,1
-95,122,-4501,1
87,-17,3580,1
38,-33,-894,1
0,10,-601,1
34,44,1384,1
27,-115,222,3
5,62,-1079,0
-7,139,-4411,2
-16,91,2417,3
221,54,6079,2
-3,77,159,0
18,93,-1165,1
40,21,-1790,0
32,17,-513,3
110,58,2579,3
18,-73,738,1
-10,0,-176,2
-29,31,-142,0
-31,192,-3928,1
58,-163,-3565,1
-66,126,-6116,3
-76,-35,1787,0
-40,-22,992,2
60,46,1192,1
-98,98,-1974,1
44,-107,-4038,3
-120,-35,-2118,0
19,-93,-3766,1
-82,63,-5354,1
15,-29,-24,2
41,-131,-2501,0
59,36,334,2
13,-8,-245,1
-16,20,-2816,0
53,130,-607,0
-90,-39,2625,3
-34,63,-3544,1
49,37,3225,1
-80,-54,4050,0
-2,0,4,2
42,27,-2832,0
7,4,215,2
-35,-24,-58,0
84,-145,488,3
5,138,76,1
-110,-37,3148,3
42,-25,-4326,3
-43,26,-925,3
7,-93,2372,0
-121,-81,9910,1
-72,-13,2139,0
-28,130,-7360,2
-88,105,-6251,2
57,-31,-736,3
-42,-26,588,3
24,111,4634,3
-42,-5,-1378,1
-39,26,-353,0
-97,69,-5570,1
31,9,1109,3
-133,52,-4024,3
61,-49,534,1
-31,9,-165,2
0,15,-563,2
-232,110,-12980,3
-3,-1,422,0
-84,-91,4674,2
100,26,-6117,3
-95,46,1783,0
61,-35,-1164,3
40,107,2113,0
55,78,1273,2
183,116,16694,1
18,58,1775,2
31,-9,-748,2
-38,-8,-1315,3
66,89,1492,2
11,2,-24,2
42,68,-2093,3
-31,114,-3518,1
18,87,561,2
-78,-35,1925,3
22,65,-1047,3
88,-11,-776,0
-122,50,-6742,2
25,35,716,3
15,41,533,2
-126,68,-13005,0
120,54,1193,3
103,88,11050,3
-94,70,-5995,1
-116,8,-1143,3
-75,-19,-133,3
73,21,300,3
105,-230,-9916,1
110,72,4711,2
61,-1,2752,1
1,69,-2655,0
-28,46,-632,3
72,144,3517,1
17,1,566,1
37,123,111,1
56,42,1791,0
115,42,2837,1
-101,15,2611,3
21,3,-184,3
-72,37,-250,1
-108,98,-4934,2
-11,29,-677,1
16,81,4837,2
43,42,5730,3
37,198,-7570,0
-56,-3,544,1
-2,22,-441,0
-8,166,-9716,2
0,51,-984,2
-13,8,-133,1
123,-104,-13073,1
16,-72,-6683,0
-17,17,-151,1
68,17,-300,3
65,-43,-2619,0
-70,-47,7455,0
4,-79,-1224,2
-62,120,-7534,1
-54,55,-967,2
-35,-45,-431,3
148,-19,4665,0
44,43,993,2
-98,44,-2202,0
-83,-27,2182,1
25,96,-1743,0
-122,180,-27708,0
-6,7,3013,1
-37,53,95,3
62,23,874,0
14,-69,658,0
43,-53,-3993,3
-23,40,-603,3
-19,97,-2018,1
91,-73,-6403,0
-37,-43,742,0
-40,68,779,2
-97,47,-2749,3
126,20,9268,3
-8,-24,94,0
67,-62,-1611,2
0,-11,2032,3
66,56,1969,0
-23,43,-4079,1
-56,-29,1825,3
34,15,-169,3
-12,-78,198,0
187,-8,-1027,1
69,59,9247,2
33,-80,989,1
-10,7,135,0
92,-11,-249,2
-162,-21,4269,3
-48,-120,3888,2
90,-39,-1858,1
36,10,-1066,1
-64,57,-3186,3
-21,-18,-688,2
-34,-16,-850,1
1,-2,-158,2
102,-120,-8585,3
-40,-45,-1311,0
-15,-50,-1077,0
-7,-41,679,1
-12,47,-143,2
43,-7,-655,2
4,-228,-5505,1
-70,100,-6601,3
260,-106,-15936,3
54,-76,202,0
-89,-78,4118,3
102,-26,-4672,1
-9,13,-182,3
109,8,-1401,3
-204,11,-6554,3
42,39,3365,3
122,-12,-1542,2
82,42,282,3
-111,-144,7471,3
-64,29,-62,3
59,3,-270,2
95,12,-169,2
-26,43,-217,3
-40,-83,-557,3
-51,-63,2415,0
-28,84,-905,0
51,40,-242,3
199,5,-350,2
-223,-63,-2282,3
30,15,1861,0
-80,53,-3430,1
65,97,2511,1
-57,-114,646,3
-40,-52,1041,1
-81,-109,7200,3
34,-35,-666,2
-93,124,-10004,2
64,-16,788,1
-73,103,-3856,3
-23,308,-2908,3
63,-115,-3411,1
100,19,2307,1
-17,23,-344,1
44,19,-358,1
-4,20,338,3
7,85,2060,2
6,6,-1,2
-10,-3,247,2
-79,54,-5430,1
82,-28,-2967,0
47,6,-128,3
54,-54,1197,1
79,-4,601,2
-43,-32,-141,0
3,175,-27,1
-16,58,-213,0
155,58,7884,2
-30,-35,662,2
52,19,-18,1
-7,-27,730,1
102,-115,2091,1
165,-48,-5598,3
-148,105,-7022,2
36,-44,-1320,0
112,-47,-461,3
10,-213,-16581,0
-23,4,-81,2
-26,16,-257,2
13,-25,-360,0
-59,-23,1868,3
10,8,-191,0
239,16,2124,0
-85,8,4323,2
-72,56,-1399,2
135,-99,-7598,1
96,-15,-1135,1
8,-7,-2342,2
20,9,-46,1
28,-78,953,3
74,-4,2696,3
11,-41,-2530,3
-5,-3,-70,2
-84,75,-9368,3
9,-26,485,3
73,-42,-4098,1
75,-30,1038,1
95,-4,-1648,2
87,-15,-5071,2
-35,-16,-347,3
71,-49,-2166,0
2,-10,-15,3
66,-6,-78,3
115,-77,-4704,1
2,-42,-364,2
-13,-52,354,0
-6,-15,299,1
26,-42,-3695,0
15,29,88,0
-58,28,1851,1
-9,-15,70,2
-2,6,40,3
-32,-7,387,1
22,-43,-329,2
142,-108,-19380,3
-79,20,1295,3
5,48,451,3
35,-44,302,3
-10,-7,-120,1
-31,73,-1058,0
-49,-35,349,2
-110,81,-4781,1
84,31,2731,0
5,10,71,0
-119,-4,-4113,0
166,20,4351,0
67,143,-810,2
-61,20,2339,3
55,-68,-3888,0
-19,52,1987,1
-22,-1,63,2
99,-61,-8748,0
0,1,-108,3
-19,77,-2790,3
14,-11,-1246,1
-216,20,2897,3
-49,-94,189,1
-68,43,1007,3
160,-37,-2690,0
-13,-16,-68,1
-41,-41,-1861,0
3,-108,-1101,3
-151,-141,-5238,1
-68,41,-8943,3
-59,24,-817,3
-87,-59,3472,0
31,18,-518,1
36,19,-830,2
29,70,4175,3
16,-37,-608,0
-25,-74,96,0
2,-38,-593,1
-9,72,2505,0
16,-104,494,1
-59,41,-3656,2
-68,125,-1161,0
-15,30,-363,3
-34,10,-258,3
77,76,456,3
-141,-8,1351,0
13,57,-2517,1
110,-26,1086,1
15,59,677,3
1,-12,-256,2
97,-34,-2806,2
-48,121,-6091,3
-23,-35,-305,3
1,62,1723,0
-48,-18,113,2
-25,-55,-1886,1
-52,-2,2698,1
64,22,2636,2
61,48,-316,0
-78,-43,-258,2
-88,90,4779,3
96,17,-2744,0
17,0,-90,2
-12,-47,1081,2
-55,-17,-720,1
-114,-10,1179,3
-8,43,-1752,0
3,-150,26,0
135,38,3627,2
27,-111,-4816,0
45,0,3800,1
-11,-49,-231,1
50,-110,-1631,0
-23,12,565,3
29,-86,-1838,1
-9,11,287,1
-67,-12,3720,3
-33,64,2803,1
-24,-16,4026,2
-142,-98,16164,0
33,129,445,0
44,-12,-877,1
7,-54,-24,3
33,7,158,1
23,81,419,3
135,-51,-521,1
-72,-21,4971,0
25,-53,1157,3
-1,17,-59,1
75,70,-2440,0
-82,42,-188,0
64,46,-3720,0
7,14,156,2
-41,112,-1412,1
-62,79,-5398,2
-109,-138,8813,2
-76,-68,2945,1
-37,-109,5813,2
-2,-99,-3698,0
76,-31,-849,2
53,37,-10,3
53,-64,-5442,2
-136,38,-17,3
-16,109,283,0
0,66,319,0
19,-10,-495,1
95,-10,767,3
-109,23,-1065,1
-38,-27,2218,3
-3,-9,-488,1
-68,-103,2994,2
-12,-115,-713,2
-9,-80,-905,2
-60,97,156,2
163,-208,-46992,0
-30,-2,-421,1
78,15,-560,3
-16,-8,-493,2
-63,10,-1171,1
-43,65,-1165,2
25,-56,-754,3
46,7,379,1
0,5,20,3
-29,-62,-947,3
-35,43,410,2
97,-153,-5265,3
-8,0,-1556,3
-128,23,-6089,3
-38,31,-923,3
-34,125,-4495,2
-67,-45,378,2
-31,56,-296,2
78,-73,-2205,2
10,-26,786,3
-9,98,-2891,0
-7,13,-9,0
-2,-85,903,2
-67,-224,12291,1
136,18,-2136,0
-66,-36,1854,0
-43,4,-21,2
116,-58,-2899,2
110,24,5884,2
-42,56,-193,2
-22,11,2798,3
-72,-21,-2867,0
-2,22,-264,1
15,55,503,0
35,141,3612,0
145,-64,-2417,0
-55,-28,271,2
53,174,4106,1
-23,32,1177,3
-215,-150,31932,0
50,-28,-1509,2
28,-32,-392,2
-13,-96,5678,0
-49,50,-1157,0
-43,62,-1360,2
138,-66,-11600,3
43,-96,-89,0
25,-14,-868,2
-115,69,-1626,0
23,0,-642,0
155,29,450,3
-45,-55,2047,0
-41,-174,-5183,0
-59,31,-3635,0
-14,30,3061,3
12,-11,-415,0
140,78,-4168,1
63,-1,499,1
-80,56,-4482,0
-49,71,-3476,3
-14,220,1862,0
12,51,4549,3
57,-40,-315,0
12,-108,-1963,1
-91,-136,12555,1
4,-180,13225,0
-78,-30,2661,3
50,-74,-3101,1
26,28,2695,0
-69,-24,343,0
24,5,230,2
50,151,5213,3
-54,-95,4035,0
70,25,1061,3
10,-72,-965,0
31,24,453,3
-81,14,-881,1
-73,-49,4688,2
-113,73,-14615,0
67,-31,-3743,1
-3,-44,-311,1
57,-14,-398,1
-56,-141,5442,1
-18,-30,556,1
27,-60,-2330,2
23,-61,-2727,0
-29,-87,-1506,0
5,32,377,0
-184,133,-16925,3
-22,5,-1489,1
-31,51,-1165,1
-20,-8,-702,3
131,-108,-8987,0
44,13,2242,1
135,-87,-8446,3
-39,-47,2751,3
-28,17,-1281,0
14,82,3455,3
-13,-14,-2440,1
54,10,68,2
-6,-6,103,0
-16,-18,137,1
40,-9,-504,3
-68,8,101,0
3,-62,-642,2
-18,23,-333,3
22,31,1934,2
6,-50,248,2
32,-63,-1611,2
-8,8,345,3
-134,93,-3640,3
-45,20,78,3
-97,-9,-837,2
31,8,-425,2
4,3,-45,3
-34,108,6255,1
28,63,3373,2
-104,-74,7823,0
14,-10,-226,1
73,-220,-10159,0
-21,-2,-1109,0
-35,14,-476,2
-206,163,-18102,3
-13,23,-1945,2
36,-16,163,3
6,8,88,3
-16,-103,-693,3
25,-39,-311,0
0,11,19,3
-121,99,-10166,2
55,14,1788,3
-4,2,-9,1
-43,25,-827,3
26,20,864,1
-13,94,-1256,3
22,-17,-4183,0
-11,-48,618,0
94,27,-1454,0
-137,-38,2582,3
102,63,3559,1
64,-24,761,3
-64,54,-2170,1
82,-131,-1169,0
11,189,-8955,0
6,-24,-212,0
70,-5,387,1
-59,-48,221,1
33,-53,-1245,2
-63,104,-3665,1
128,29,2927,2
-73,100,1812,1
-11,-24,184,1
11,53,-12418,1
-5,-33,928,0
51,194,12659,2
11,12,2242,3
-135,44,-2478,1
-57,257,-12706,1
-20,31,-82,1
-98,111,263,0
19,11,-177,3
64,4,-1276,3
120,-94,-2800,0
-79,-48,-460,2
-38,33,345,1
53,18,702,1
40,25,1099,0
-50,-28,468,0
72,43,3664,0
-133,-17,2853,3
7,2,-1042,0
224,-152,-19495,3
-129,-114,3563,0
-31,13,-98,3
-23,56,-4860,0
-16,-30,-9,0
17,25,-431,0
-18,-32,5694,0
23,-5,-332,2
-10,-25,-862,1
4,-17,2946,2
-50,3,-380,0
-6,32,-61,1
15,100,-1003,3
4,-111,-826,1
1,11,308,2
-39,86,-2283,0
8,5,-2108,2
-2,-7,-822,0
-28,-10,620,1
-149,-108,17192,3
35,58,852,2
-144,-5,2053,3
31,-42,-457,0
56,5,806,2
56,-46,606,0
-12,-59,-469,0
17,100,3033,1
42,107,-1647,0
-82,-83,2303,0
43,-118,-3392,2
-9,-90,-2267,0
-32,27,3388,1
-64,194,-8622,0
-97,6,3026,0
-63,56,367,2
26,-145,-5165,3
-30,-4,817,2
-18,35,-895,0
-60,26,1970,1
114,102,7670,0
-20,-65,-353,1
-17,19,-2871,1
53,-74,-2490,2
52,-95,-4052,1
-86,36,-5805,0
-20,126,3089,0
8,33,1861,0
-7,-128,827,1
33,-57,240,3
3,-4,-9,1
11,65,-521,1
3,-106,193,1
144,-154,-10352,2
-16,-192,2924,3
-5,-1,-25,2
-4,148,-1174,3
36,-43,-645,3
-35,-2,340,1
26,-4,51,3
-22,-26,1154,0
-122,53,-6029,1
21,-2,2718,1
-19,-15,-876,0
15,10,-522,0
-24,39,-665,0
-15,111,-1960,0
-26,46,-1403,1
27,45,-228,0
-13,-98,1160,0
108,77,3486,3
49,23,-180,3
74,-22,-506,0
69,72,1111,0
-65,-64,1353,1
-79,-29,6126,0
-26,-113,4045,1
-84,-141,6673,3
-59,21,-1193,2
36,7,139,3
9,-96,978,3
-70,2,244,0
-111,-44,5205,2
8,46,435,3
150,79,24108,3
109,133,-2901,1
4,-5,-5,3
44,-30,-1177,3
-13,-62,1411,0
6,-10,-182,0
-56,4,-864,1
-102,136,-8089,0
-1,-4,-936,3
112,58,7187,1
-23,-49,522,3
39,139,4288,2
-5,-13,371,1
-16,46,5265,2
78,-3,-1297,1
-26,-67,-826,1
12,103,-298,2
-64,-105,-684,1
19,156,-1248,3
24,-25,-335,2
8,-62,-1267,0
-76,54,-1548,0
-24,-26,578,2
141,21,-2356,3
-59,-66,1696,1
27,-10,-66,2
23,-90,-8,0
-45,49,-83,1
-18,-4,-61,0
36,3,182,0
57,-21,-332,2
-47,198,916,3
-90,-62,3207,1
-76,-25,2925,2
-39,28,1569,3
18,24,36,2
-302,-150,33207,3
43,-99,-3155,1
-17,72,-4972,3
12,-19,-1129,1
-34,-79,4161,1
-12,-48,-87,1
23,-27,97,3
4,-17,-639,2
18,-107,4152,0
-26,-18,-292,1
-53,-215,8858,3
-64,-50,-1578,2
-25,21,-989,0
-70,-106,1579,2
41,71,2728,0
-36,13,-3116,2
24,12,1342,1
-2,-62,208,0
12,25,-695,0
48,-42,-2712,2
-94,55,-4051,3
63,-174,-3419,1
-28,0,3233,1
80,-32,-1878,0
-27,-61,-1994,2
-43,30,-1182,2
-31,-17,-414,0
119,-44,-2275,1
-157,-76,7312,0
54,-163,-2525,1
-58,-58,1952,3
53,99,5914,1
-95,52,-1110,3
30,-124,122,2
-47,45,-186,1
3,-61,396,1
-4,-67,-2069,2
-89,-49,-1247,3
-23,53,-2799,0
13,-70,-918,2
85,-46,-4215,3
-100,59,-2355,2
-14,-4,-76,0
-11,-40,625,3
-68,-116,4264,3
119,-7,1896,0
-53,-13,-906,3
-7,9,-18,1
110,-252,-2881,3
86,16,714,0
-25,-106,3674,3
-122,-111,4534,2
86,-55,-896,1
-10,-3,46,3
35,13,-123,0
-13,17,154,1
14,-3,1139,1
-55,40,-2400,0
37,27,327,2
-127,-18,190,1
-78,-99,7370,3
26,-43,281,1
-33,37,3777,0
78,120,5876,0
-42,-25,2185,2
12,196,-3816,2
-121,-60,6507,0
-21,-5,60,3
-30,-58,-1130,2
63,71,6397,3
89,109,-1161,3
43,163,937,1
-23,-8,1418,0
35,40,1417,0
91,-61,-6161,0
-33,41,-1939,1
25,2,-199,2
28,-7,175,0
121,89,-6614,2
-30,-76,2314,2
-5,-30,334,2
-150,103,-8641,1
67,-68,-2058,3
-48,-28,416,2
-2,32,307,2
-85,-26,1838,3
-194,-43,10925,3
-122,2,108,2
110,-29,-1798,2
105,-54,-6652,3
-4,14,1603,2
-12,-2,-491,2
-74,23,-2016,1
-13,84,-1335,2
-58,22,-2621,2
58,-79,-2751,2
-10,-2,-265,0
33,90,2744,3
115,-56,-933,3
-100,-21,3096,2
-48,70,-17,1
-1,-8,-15,1
199,29,-2864,2
114,-152,-6515,1
-12,-12,-5,0
60,222,10135,2
14,-66,1229,3
90,86,7117,3
78,84,-1148,2
26,-18,-106,1
21,-82,-2715,3
197,91,7212,0
16,-90,-623,0
49,-49,-1503,0
14,74,867,1
61,-107,6263,2
34,-8,3506,2
-16,-25,1433,2
-20,9,-1262,3
3,-36,27,3
37,-13,-756,1
-72,-35,-1583,3
-29,25,-3652,1
-106,193,-5277,0
-43,-32,1347,0
-194,66,-10208,1
-81,106,-5821,3
14,18,93,3
-129,-6,-5952,0
-103,-50,4429,0
75,-9,-1889,1
26,-123,-8085,0
-4,34,142,1
12,-118,760,0
-69,-85,7532,2
65,115,2565,3
-85,78,2748,3
65,46,7333,0
-72,-26,973,0
-42,17,56,3
142,-41,-2547,0
23,-1,236,3
-49,10,198,1
-40,-29,853,1
4,-10,1070,3
39,35,-2783,3
109,-7,-2765,1
-18,-59,-2092,3
70,-24,-443,1
43,8,2001,2
53,42,-2282,2
75,109,2260,2
59,29,2415,3
25,81,4891,3
-117,43,-1137,3
124,-83,-5425,2
-24,-23,730,2
1,89,-571,2
-125,-235,16580,1
-56,-2,161,2
-1,-9,-2685,0
108,-4,-7575,3
105,47,897,1
-76,-26,2244,3
47,29,366,1
65,-9,278,2
-85,-58,2499,0
168,23,4887,3
-21,-17,570,1
-43,-22,-3541,2
68,-46,-1914,1
-1,0,11,3
26,169,4585,3
28,40,377,0
57,-53,77,1
-7,-37,789,1
-144,102,-3846,1
-80,2,91,0
-62,-10,-826,2
47,-33,-1178,2
130,0,-3525,2
30,150,6098,3
-20,4,-122,0
-34,-7,118,3
4,-9,-55,1
-5,-14,281,2
10,-3,-232,3
-96,71,1060,0
2,23,-807,1
50,-144,-6624,0
-9,49,1084,3
3,2,322,2
-16,15,-471,2
43,66,1363,2
22,-4,478,2
-19,22,-774,3
-93,4,1089,2
47,98,4636,2
-132,-233,20957,2
-33,62,-1358,1
128,14,1631,1
22,29,670,1
-74,13,-319,1
-90,-31,1922,0
-28,84,1099,2
2,16,-1479,1
-45,-77,2069,0
112,41,3417,3
52,24,-428,2
-84,-2,2743,1
-6,20,460,3
64,-76,-3867,1
-98,-11,-1559,0
91,-35,-1406,1
-72,-87,593,1
11,-63,-345,1
-143,29,-5407,2
-36,-46,1164,3
55,38,2863,2
-5,-35,571,3
-97,31,-5434,2
-124,-68,8129,3
110,5,2533,2
64,203,-9955,0
64,-77,-3815,2
58,-42,1690,0
64,-12,-869,2
97,27,1553,0
99,145,8787,3
4,-100,2013,0
-11,50,-73,2
63,7,-1280,1
-122,-75,4652,3
-45,-4,-278,2
-119,4,-1273,1
-29,-143,6521,2
18,11,452,3
-148,100,-1976,1
108,81,1046,1
98,50,5537,1
-10,10,-730,3
-61,-98,3398,1
85,81,6391,3
-32,80,2381,0
-11,72,-1602,2
-4,-54,-1056,2
32,-1,-2697,0
-176,-109,2637,3
27,36,-352,3
-56,61,-2354,0
-73,-23,-3444,2
-6,-6,25,2
82,-59,-211,2
8,-24,191,3
-36,-66,4330,3
-14,73,1810,0
-44,58,-402,1
-4,-40,-277,0
-57,67,2104,3
87,65,394,1
-70,-66,3685,1
92,209,9944,1
-12,-5,-215,0
-18,8,-569,1
59,-121,6960,3
-44,125,-1587,1
-8,33,2889,2
121,-69,-12013,3
-37,-42,263,2
-101,59,-4523,2
-41,-69,3884,2
-66,-9,5287,1
50,-22,-148,3
-75,-152,259,1
-43,140,-3881,3
-14,10,-329,2
0,1,-1180,3
-86,12,-913,1
-35,-70,-1047,1
-214,103,5537,1
36,-37,-2367,2
-4,27,4325,2
-54,-141,6134,2
-7,-23,81,3
-61,-37,2781,0
-39,114,-4389,0
-15,0,-591,2
7,2,-7,2
82,-140,-10309,2
26,16,980,3
90,48,5698,3
1,6,-42,2
-10,52,2111,3
-29,30,-3024,1
24,8,148,1
-41,-75,6900,0
-2,-128,-771,3
-111,-25,1397,1
4,-61,-669,2
4,-56,-198,2
3,-19,447,3
65,-20,-759,0
16,-111,-6479,3
64,-17,-850,0
-28,-39,-596,1
139,100,7168,0
-42,-77,389,2
7,11,-41,0
-34,134,-4471,1
16,13,-1175,2
50,0,-5539,3
-35,-20,378,0
-4,9,-207,1
93,-20,5116,0
-62,6,343,2
-89,66,-5381,2
-131,-60,-163,2
14,32,1352,3
-12,-13,161,3
75,45,432,1
23,-45,-786,3
-16,101,319,2
-30,59,-551,0
-158,-61,2365,3
22,-5,-153,2
-2,44,-1383,1
-46,132,291,0
11,-15,-106,3
0,-2,0,1
-62,-15,569,2
-41,21,-1562,3
-43,10,885,2
-4,-101,-3489,3
-54,70,-3838,2
-3,-10,19,0
124,6,-2125,2
-28,-33,2412,2
37,25,3114,3
144,58,10314,0
96,-15,679,1
162,130,11695,1
-56,-1,-363,2
163,36,8370,2
15,-111,1233,2
-22,-63,5744,1
61,139,7753,2
-21,-1,-3084,2
-134,-45,734,1
-36,-15,-176,2
55,-18,-628,1
-29,-116,10511,2
-10,95,1698,3
-113,-141,5436,0
11,-25,-2473,3
24,23,2499,3
-98,-30,2080,2
-32,14,340,0
-14,-45,-40,0
4,11,269,3
-33,36,-867,1
-41,103,-90,0
20,-84,-714,3
-12,-34,-2908,0
50,30,1216,2
-82,-26,-490,2
97,103,8758,3
-72,137,-10215,1
-23,-3,-2857,3
52,6,-214,1
5,19,-115,1
69,33,-1207,3
-73,32,-1647,0
-124,94,-2778,0
-109,53,-1004,2
36,-143,1204,0
45,-11,-1280,3
7,26,647,1
-30,-38,-434,2
11,-185,842,3
-102,-58,2513,1
4,46,-176,1
7,-74,-8814,0
-31,-22,22,2
-62,-25,1730,3
98,90,5041,2
-98,-150,5005,2
-32,-6,57,1
57,92,-588,1
119,-39,3689,0
77,17,-1904,3
-80,-4,1284,1
58,89,4134,1
34,31,45,3
30,-14,-39,0
59,108,2877,2
2,-11,-137,3
28,13,56,3
-51,-66,136,2
137,62,-3154,1
-62,44,-689,0
73,16,2792,0
103,4,2360,1
4,5,67,1
28,105,1940,3
12,-105,-2002,0
94,27,5757,3
98,-28,-2102,3
70,9,2369,0
9,32,-1136,3
-34,-30,801,2
18,48,2227,2
-139,50,-3202,1
18,28,-6329,3
-20,43,-1745,1
57,-107,-10610,1
-68,76,-3347,1
-1,4,37,1
-141,30,970,0
75,-58,-6119,3
13,23,-419,2
54,-34,726,3
-59,8,915,2
50,84,4391,1
80,55,1918,2
46,-1,2817,3
6,-13,741,2
-36,61,-1551,3
66,-134,-3862,0
-39,76,-1099,1
-11,9,-345,2
121,4,-1291,0
-9,-47,915,3
4,-26,413,0
-14,-115,-1344,0
23,22,2412,3
-26,-41,1062,0
90,59,-3724,2
-8,38,220,2
67,-200,-4697,1
19,-84,-1451,0
-70,135,297,2
-37,-11,-835,1
-1,-47,-152,2
-15,-50,-66,3
1,10,35,1
54,27,-568,0
-29,-71,2124,2
-48,-50,-2405,0
-15,63,58,1
54,-59,-2616,3
34,-89,-5359,1
-19,-23,-1097,0
30,-15,189,2
113,-17,-652,0
130,-30,1130,3
-58,-51,-2550,3
-12,13,1822,3
7,11,34,2
1,-3,-35,3
6,-39,26,1
-95,147,-3892,0
86,-60,-5001,3
-108,30,-5341,0
14,-5,709,2
72,31,-2004,2
8,-83,1840,3
-40,16,0,0
-26,-54,1062,1
6,51,481,0
21,-46,-138,1
27,17,-997,0
-12,13,553,0
-85,-51,11165,2
-2,-5,10,3
-59,43,-2352,3
44,46,-505,0
41,49,-1082,3
17,-40,370,0
-36,154,2459,3
40,-50,-3442,0
29,-47,-1809,1
-41,-1,-862,3
-41,13,-3026,0
-99,-3,-6535,1
-150,-88,8475,1
-30,23,-116,0
121,104,11045,3
67,46,1093,2
-60,119,-1603,3
53,-11,-333,2
94,-33,-7426,3
-176,-70,7374,2
33,-90,1,1
-10,-32,823,1
131,-51,-4159,1
-131,-116,4401,1
-13,4,-3,0
165,100,8133,0
-19,-39,319,3
-8,24,282,0
-9,-1,37,2
-34,91,801,3
41,26,794,0
-242,106,-13220,1
-96,-37,4843,2
-151,107,-14479,3
-73,-58,-142,1
-4,-57,964,2
113,-44,2968,2
-17,-2,-11,0
5,42,426,3
-91,117,-3352,3
-26,-28,-55,3
30,-52,6495,0
-92,41,-5246,1
50,200,9513,1
-6,-4,-66,1
-134,123,-8445,2
41,15,381,3
-10,-38,-943,3
34,-36,-1450,1
-43,-103,319,2
-131,75,-9418,2
101,43,6185,2
-89,74,-1064,0
53,-3,1030,3
-4,-51,385,1
12,1,30,1
38,-95,-5158,2
-59,-66,2858,0
141,-43,-1437,1
-24,-19,87,0
36,56,-1977,2
34,-11,-1670,1
19,-1,-44,3
1,-52,261,3
38,68,2788,0
77,24,3372,0
-78,-137,579,0
41,132,5637,0
-131,-64,-12584,2
-62,58,-5068,2
-95,6,1723,0
-26,-30,-4005,0
-80,77,-2204,0
40,157,845,3
2,-78,-5325,1
-13,-2,-783,2
-14,23,47,2
171,13,6254,0
-33,-102,1278,0
82,43,2402,2
216,-13,22348,3
44,26,312,2
-92,19,1727,2
12,46,68,1
-50,-39,547,0
-106,7,-4129,3
-17,-78,394,1
-1,-3,12,2
76,21,149,0
38,17,83,3
2,14,-173,2
37,-6,-453,2
28,-21,415,1
-9,131,-8265,3
100,-81,-6238,1
-48,23,876,3
53,37,-3039,3
-36,9,-910,0
-11,-24,-682,0
3,40,678,0
97,-76,-1071,2
31,9,-93,3
30,-135,-70,1
-26,38,-5557,3
-1,-7,-590,0
-50,-31,851,1
-139,-72,4893,3
121,-99,-10156,0
-24,-45,285,3
-71,50,72,3
-91,95,-5055,2
-107,26,-1132,3
-4,22,-327,1
-88,-57,2617,3
-140,-48,5776,1
-14,6,-1691,3
72,135,5650,3
-34,-91,1747,3
-79,-27,-138,2
-13,-18,-62,0
-44,28,-1002,2
-16,41,262,1
-105,-7,-154,3
-129,8,-1563,3
20,-1,48,3
-16,30,1476,1
94,12,89,0
44,38,2645,1
-83,-91,4601,0
-81,22,1905,0
91,-149,-4029,2
33,32,2192,0
-70,-167,8497,0
-20,-72,2017,1
-24,116,-1677,0
-112,-48,5998,0
25,-56,616,1
8,74,-1342,1
33,-32,23,1
-40,63,-1066,2
-2,34,-267,2
