00,01,02,10,11,12,20,21,22,last
-412,-153,-614,-187,-70,-279,318,120,475,0
-3491,-1586,-624,406583,184695,72670,876840,398316,156721,1
-141,-98,-33,-91,-75,-24,117,84,28,0
-2,5,1,-5,15,3,3,-9,-2,1
100,-3,15,337,-17,50,-195,9,-29,1
1,-2,0,8,-3,1,-39,12,-5,0
2108312,767248,3133165,958457,348801,1424366,-1632552,-594123,-2426144,0
-18,-7,-27,-56,-20,-83,33,12,49,1
1047,-286,137,2965,-810,388,-2010,549,-263,0
-300632,82133,-39342,-924209,252495,-120946,545565,-149049,71395,0
-1091,3367,662,-649,2004,394,6990,-21570,-4241,1
18,-56,-11,56,-173,-34,-243,753,148,0
-2,0,-1,-5,1,-1,3,0,1,1
-1051,285,-126,-1262,341,-153,1053,-285,127,1
-1216,-619,-2016,-1253,-633,-2072,1116,567,1849,1
12,17,3,76,50,15,-39,-30,-8,1
37,-8,5,42,-5,6,-36,6,-5,0
-2,1,-2,-5,-1,-7,3,0,4,0
-41014,11125,-4914,-123005,33364,-14739,76257,-20685,9136,1
1,0,1,2,1,3,-3,0,-2,1
187083,86762,33866,84979,39410,15383,-144624,-67071,-26180,1
-95,-109,-237,-89,-108,-232,84,99,214,1
-473,1302,256,-216,595,117,369,-1017,-200,0
-1,0,0,0,-1,0,6,3,1,0
501,547,163,1736,1905,567,-999,-1095,-326,1
-298,-285,-639,-154,-148,-331,291,282,628,0
-11576,3077,-1475,-11403,3031,-1453,10485,-2787,1336,1
22053,-5995,2623,11551,-3140,1374,-22260,6051,-2648,1
1,-1,0,8,2,11,-39,-12,-56,0
8297,4831,1594,8534,5019,1643,-7611,-4443,-1463,0
22,-3,7,63,-8,21,-279,36,-92,0
-1,1,0,-2,1,0,9,-3,1,0
-1661,-862,-312,-5127,-2660,-963,3024,1569,568,0
-251166,724348,142325,-711490,2051891,403170,3159369,-9111420,-1790276,0
-436,119,-57,-261,71,-34,609,-165,79,0
-12158,-4501,-18111,-14461,-5356,-21543,12120,4488,18055,1
-2,1,-2,-5,-1,-7,3,0,4,1
65,-226,-49,128,-275,3,-87,228,22,1
-7,23,5,-6,23,6,6,-21,-5,1
-798,-5003,-468,-2533,-15498,-1459,1458,9111,853,0
43,48,105,23,25,55,-282,-315,-689,0
-41,6,-49,-19,4,-22,33,-9,37,0
1,0,0,0,1,0,0,0,1,1
53,-20,-2,278,-81,25,-1005,318,-53,0
1389,1277,2917,631,580,1325,-1074,-987,-2255,1
-1820,507,-237,-1783,499,-232,1644,-459,214,1
-1240,-12,-189,-731,-1,-111,1674,-15,253,0
-174438,774605,229016,-494636,2196464,649395,334473,-1485255,-439124,1
-521,-180,-768,3762,1234,5493,-20115,-6615,-29384,0
1299,-349,167,4336,-1164,557,-2514,675,-323,1
-253,-288,-85,-197,-193,-59,585,507,160,0
-20,3,-6,-19,4,-4,159,-27,43,0
-18,-7,-27,-56,-20,-83,33,12,49,1
2678,2459,5616,1224,1124,2567,-2091,-1920,-4385,0
-542633,-317000,-104322,-245727,-143531,-47240,423918,247650,81499,1
15,-4,2,7,-2,1,-12,3,-2,1
1,1,2,0,1,1,0,-3,-2,0
911,251,926,2561,712,2614,-1806,-483,-1811,1
37724,-2346,5563,125959,-7828,18575,-73026,4539,-10769,1
-8,-3,-12,-23,-8,-34,102,36,151,0
-4,19,6,-1,9,4,3,-15,-5,1
-56,336,125,4017,-18956,-5942,-20529,96993,30436,0
-11618569,-3800159,-16927248,-35861165,-11729342,-52246613,21151791,6918252,30816328,1
8,3,12,23,8,34,-15,-6,-23,1
-439,1354,266,-523,1611,316,3765,-11607,-2279,0
20,-1,25,19,3,26,-18,0,-23,0
-3,10,2,-1,5,1,0,-9,-2,1
-7,23,5,-6,23,6,6,-21,-5,1
-2062567,-727205,-3052163,4064547,1433051,6014672,-24072051,-8487162,-35621555,1
-1,1,0,-2,1,0,9,-3,1,0
38,-10,5,107,-29,14,-474,129,-62,0
-4,-4,-9,-1,-2,-4,3,3,7,0
-2284,-2493,-743,-7981,-8719,-2598,4584,5007,1492,0
-1,0,0,0,-1,0,6,3,1,0
5,-23,-7,16,-71,-21,-9,42,13,0
3,2,5,7,6,14,-30,-27,-62,0
-4,-3,-1,-1,-4,-1,3,3,1,1
622,324,891,1803,970,2635,-1179,-603,-1670,1
8,3,12,2,11,9,3,-51,-26,0
398,-109,52,391,-108,51,-360,99,-47,1
-100,17,-26,-357,50,-111,204,-30,61,1
225,83,335,637,236,949,-2829,-1047,-4214,0
147068,51759,217566,417879,147068,618192,-281469,-99060,-416393,1
-18,-7,-27,-56,-20,-83,33,12,49,1
559789,569657,1237571,292133,297278,645837,-560730,-570594,-1239629,0
207,-56,25,209,-56,26,-189,51,-23,0
39691,23972,7685,-145548,-87977,-28186,805653,486948,156016,0
-537,-280,-101,-239,-125,-45,420,219,79,0
-4,-3,-1,-1,-4,-1,3,3,1,1
1,0,1,2,1,3,-3,0,-2,1
2,0,1,5,-1,1,-24,3,-8,0
1673,-109,2077,5517,-388,6833,-3207,222,-3974,1
-3,1,0,-1,1,1,0,-3,-5,0
-144,-137,-308,-442,-422,-947,261,249,559,1
1,0,1,2,1,3,-3,0,-2,0
-47707,85577,-11017,-28614,51302,-6623,66921,-119910,15532,0
84,-23,11,260,-71,34,-153,42,-20,1
3,-10,-2,7,-29,-8,-30,129,37,0
-95,6,-14,-48,4,-7,90,-9,13,0
-8,2,-1,-2,3,4,57,-9,16,0
6,-11,-2,14,-36,-7,-9,21,4,0
580,-2543,-744,265,-1162,-340,-3822,16758,4903,1
1,0,0,0,1,0,0,0,1,1
-3,1,0,-1,1,1,0,-3,-5,1
-43663,-22830,-73036,-25602,-13369,-42806,58236,30360,97315,0
1121424,-302357,136879,3448820,-929868,420955,-2035683,548859,-248471,1
173,-46,22,79,-21,10,-135,36,-17,1
2,0,1,5,-1,1,-24,3,-8,1
-2,0,-1,-5,1,-1,3,0,1,0
-1,1,0,-2,1,0,9,-3,1,0
84,-23,11,260,-71,34,-153,42,-20,0
-225,-83,-335,-637,-236,-949,432,159,643,1
-127,-117,-267,-357,-328,-749,1581,1452,3316,0
-1,0,-1,58,56,125,-297,-285,-638,0
-1,-1,-2,0,-1,-1,6,6,13,1
8,-25,-5,23,-71,-14,-15,48,10,1
6,1,5,14,-1,6,-9,0,-5,1
118,-259,-49,55,-117,-22,-96,198,37,0
1,1,2,0,1,1,0,-3,-2,1
-18,56,11,-56,173,34,33,-102,-20,1
1,0,1,2,1,3,-3,0,-2,0
-175,-58,-256,-611,-204,-895,351,117,514,1
38,13,56,107,36,157,-474,-159,-695,0
5,3,1,16,8,3,-9,-6,-2,1
64,-286,-85,52,-213,-59,-159,612,160,1
-4,-4,-9,-1,-2,-4,3,3,7,1
-5,23,7,-16,71,21,69,-309,-92,1
-18,56,11,-56,173,34,33,-102,-20,1
1,-2,0,2,-6,-1,-3,3,-2,1
1,-2,0,8,-3,1,-39,12,-5,1
3,-10,-2,1,-5,-1,-21,66,13,1
1,0,0,0,1,0,0,0,1,1
-14143,3795,-1816,-39565,10616,-5080,28461,-7638,3655,1
-104,13,-35,-55,6,-20,681,-87,226,1
-61,-56,-128,-188,-173,-395,819,753,1720,0
235,-29,284,232,-31,279,-213,27,-257,1
-43,-48,-105,-110,-136,-291,108,93,217,1
37858,-169387,-50391,17196,-76940,-22889,-249471,1116201,332059,1
15920,-13003,12777,8329,-6804,6684,-16038,13104,-12869,1
1,-2,0,2,-6,-1,-3,3,-2,0
139,-39,10,753,-122,206,-396,72,-95,1
6,-8,3,14,-5,15,-9,6,-8,1
106,119,260,302,338,739,-201,-228,-497,1
8,-2,1,2,-3,-4,3,12,22,0
-202,-5,-31,-107,-11,-17,162,6,25,0
176,-48,23,92,-25,12,-177,48,-23,0
1,0,0,0,1,0,0,0,1,0
2,-1,2,5,1,7,-24,3,-29,0
4,4,9,1,2,4,-24,-27,-59,1
4,3,1,1,4,1,-24,-27,-8,0
-20,1,-25,-19,-3,-26,159,3,205,1
-4,-4,-9,-1,-2,-4,3,3,7,0
40,-1,6,25,3,4,-33,0,-5,1
-356,-491,-1028,-1111,-1521,-3189,645,894,1870,1
-7,1,-1,-6,-1,-1,6,0,1,0
11,-48,-14,27,-136,-45,-30,93,16,1
1,-4,-1,87,-269,-53,-441,1362,268,0
-1,1,0,-2,1,0,9,-3,1,0
-18,-7,-27,-56,-20,-83,33,12,49,1
315,-88,41,139,-40,18,-246,69,-32,0
1,0,1,2,1,3,-3,0,-2,0
225,83,335,637,236,949,-2829,-1047,-4214,1
4808,-14836,-2917,19551,-60331,-11862,-90552,279429,54940,0
394,-2327,-857,375,-2282,-855,-351,2103,781,1
-3,1,0,-7,-2,-1,9,-12,-2,1
1,0,0,0,1,0,0,0,1,0
117,61,22,53,28,10,-90,-48,-17,0
-3,1,0,-1,1,1,0,-3,-5,0
-125,-117,-266,-145,-140,-316,123,117,265,1
15,5,22,7,2,10,-12,-3,-17,1
-19,20,3,-41,81,15,27,-45,-8,1
-6262,28048,8351,-3280,14691,4374,6321,-28311,-8429,0
-18,-7,-27,85,-17,99,-462,75,-548,0
-35302,121204,27903,-17671,60672,13968,32880,-112893,-25991,1
-22,3,-7,-63,8,-21,42,-6,13,1
2680,-9243,-2140,7513,-25913,-6000,-5361,18486,4279,1
-473,56,-573,-216,25,-262,369,-42,448,0
-23468,-7844,-34383,-30317,-10135,-44419,24447,8172,35818,1
-22011,1169,-3261,-9665,512,-1432,17178,-912,2545,1
117,61,22,53,28,10,-90,-48,-17,0
1,0,1,2,1,3,-3,0,-2,1
185537,207341,453482,645359,721198,1577356,-371058,-414663,-906923,1
2,0,1,5,-1,1,-24,3,-8,0
-1271,-1457,-3170,-3869,-4444,-9665,2289,2628,5716,0
-38,10,-5,-20,5,-3,39,-9,7,1
32618,-8896,4265,97923,-26707,12804,-60609,16530,-7925,1
-14246,-5219,-21190,-40134,-14693,-59691,27423,10050,40792,1
-2243,-3343,-6938,-5519,-8898,-18242,3441,5436,11179,0
551934,277331,911038,1712170,860313,2826153,-1004007,-504486,-1657244,1
1,-1,0,2,-1,0,-3,6,1,1
299,-1336,-397,360,-1603,-475,-300,1338,397,1
-38,10,-5,-20,5,-3,39,-9,7,0
-1,1,0,-8,-2,-11,-9,-12,-23,1
-211,56,-27,-651,173,-83,384,-102,49,1
1,0,1,2,1,3,-3,0,-2,1
37,-11,3,131,-36,15,-75,21,-8,1
-4211,-1173,-4302,-2201,-611,-2245,4233,1170,4309,0
8,-25,-5,23,-71,-14,-15,48,10,1
20,23,50,-105,-94,-216,-372,-372,-833,0
64,33,12,52,16,9,-159,-27,-26,0
94,33,139,267,94,395,-180,-63,-266,1
-2,1,-2,205,77,306,444,153,655,1
7,-1,1,6,1,1,-54,3,-8,0
1,1,2,0,1,1,0,-3,-2,1
-7,1,-1,-6,-1,-1,6,0,1,1
-1,1,0,-2,1,0,9,-3,1,1
20,23,50,63,71,155,-273,-309,-674,1
-1411931,-1578988,-3452894,-645159,-721493,-1577744,1102680,1233147,2696617,0
1,-4,-1,21,-5,24,36,21,58,1
-69,211,41,-31,94,18,54,-165,-32,1
37,17,57,131,50,196,-75,-30,-113,1
-140,-3,-82,-439,-17,-270,258,9,157,1
1,-1,0,8,2,11,-39,-12,-56,0
27,13,5,77,36,14,-342,-159,-62,0
-38,117,23,-107,328,64,75,-234,-47,1
-18,-7,-27,-56,-20,-83,33,12,49,0
8,-25,-5,23,-71,-14,-15,48,10,1
-1174413,319195,-139774,-523711,142340,-62330,918540,-249651,109321,0
-8,-3,-12,-23,-8,-34,102,36,151,0
96002,-17593,13227,52819,-9696,7276,-657009,120447,-90518,0
133218,-412801,-81138,60511,-187505,-36855,-102981,319107,62722,0
3668,-1030,477,1922,-539,250,-3705,1038,-482,0
-6832,-7495,-2231,-4558,-4994,-1487,48963,53697,15985,0
-3,-2,-5,-1,-3,-3,0,12,7,0
94,33,139,57,16,82,-135,-27,-188,0
-144,-74,-27,-442,-229,-83,261,135,49,1
-7,1,-1,-6,-1,-1,6,0,1,1
1,0,0,0,1,0,0,0,1,1
-1,4,1,0,2,1,6,-27,-8,0
-4,-4,-9,-292,-269,-614,1479,1362,3109,0
2,0,1,5,-1,1,-24,3,-8,0
94,33,139,267,94,395,-180,-63,-266,1
-2,5,1,-5,15,3,3,-9,-2,1
440,-117,56,1234,-328,157,-5463,1452,-695,0
-249,-205,-52,-683,-582,-144,3057,2583,643,0
1,0,1,2,1,3,-3,0,-2,1
1,-2,0,8,-3,1,-39,12,-5,0
1,0,0,0,1,0,0,0,1,0
-2,1,-2,-5,-1,-7,3,0,4,1
506,186,753,1555,575,2316,-918,-339,-1367,1
1045,-2855,-561,3239,-8850,-1739,-1902,5196,1021,1
-23219897,-22086500,-49646109,-69712004,-66309259,-149050176,43144752,41038794,92247139,1
15,-4,2,7,-2,1,-12,3,-2,0
1,-2,0,2,-6,-1,-3,3,-2,1
24,14,5,22,19,6,-21,-15,-5,0
-1,2,0,-8,3,-1,-9,-9,-2,1
-4,-4,-9,-1,-2,-4,3,3,7,0
-1,1,0,-2,1,0,9,-3,1,0
-9414,2567,-1231,-4925,1343,-644,9483,-2586,1240,0
-18,5,-2,-56,15,-7,33,-9,4,1
8,3,12,23,8,34,-15,-6,-23,1
147068,51759,217566,417879,147068,618192,-281469,-99060,-416393,1
26041,28356,8456,15620,17017,5074,-36534,-39825,-11873,0
336,-5,176,218,-11,101,-279,6,-143,0
5094,-15721,-3091,6061,-18706,-3678,-5079,15675,3082,1
130,131,286,137,134,297,-120,-120,-263,1
-806,-267,-1178,-2237,-737,-3265,1659,558,2434,1
6,-11,-2,14,-36,-7,-9,21,4,1
-676,3025,900,-665,2977,886,612,-2739,-815,1
1,1,2,0,1,1,0,-3,-2,0
40,-1,6,25,3,4,-33,0,-5,1
1,0,0,0,1,0,0,0,1,1
3455,1793,649,4109,2134,772,-3444,-1788,-647,1
18,-5,2,56,-15,7,-243,66,-29,0
1,0,1,2,1,3,-3,0,-2,1
-15,4,-2,-7,2,-1,99,-27,13,1
7,-1,1,6,1,1,-54,3,-8,0
20711,12435,4005,10369,6224,2005,-19296,-11580,-3731,1
-166538,4034,-25057,-75349,1811,-11338,130110,-3153,19576,0
173,61,256,79,28,117,-135,-48,-200,0
-3,1,0,-1,1,1,0,-3,-5,1
117,-524,-156,53,-238,-71,-90,405,121,0
1,-4,-1,0,-2,-1,0,3,1,1
11,10,23,6,5,12,-12,-9,-23,0
8,-2,1,2,-3,-4,3,12,22,0
-984,-1531,-423,-3035,-4728,-1306,13218,20583,5686,1
577,-70,698,1780,-213,2155,-1050,126,-1271,0
-21846,5939,-2598,-76454,20784,-9093,43899,-11934,5221,1
11,10,23,6,5,12,-12,-9,-23,0
-1986,-1873,-4227,-2114,-1990,-4495,1869,1761,3976,1
-1,1,0,-2,1,0,9,-3,1,0
76278,25514,111771,76270,25511,111759,-69429,-23223,-101735,1
-1,1,0,-2,1,0,9,-3,1,0
15634765,5502025,23129096,7084812,2493214,10480829,-12213765,-4298142,-18068282,0
5,5,11,-32,-9,-45,171,54,247,0
-2,0,-1,-5,1,-1,3,0,1,1
3,2,5,7,6,14,-30,-27,-62,0
-38,-13,-56,-20,-6,-29,39,9,55,0
41,48,104,147,167,364,-84,-96,-209,1
49,-7,15,153,-20,50,-90,12,-29,1
-436,-146,-639,-1239,-415,-1816,834,279,1222,1
434,-27,64,197,-13,29,-339,21,-50,1
654,341,123,2026,1056,381,-1191,-621,-224,1
3,2,5,7,6,14,-30,-27,-62,0
3,-1,0,1,-1,-1,-21,6,-2,1
8,-2,1,2,-3,-4,3,12,22,0
1,1,2,0,1,1,0,-3,-2,0
3,2,5,7,6,14,-30,-27,-62,0
-16880,4691,-2199,-7530,2092,-981,13203,-3669,1720,0
15,5,22,7,2,10,-12,-3,-17,0
11,5,2,27,26,8,-30,15,1,1
125915,-34996,16403,354562,-98544,46189,-242442,67383,-31583,1
6467984,-1719197,823977,21576028,-5734931,2748638,-12511395,3325542,-1593866,1
-803,-269,-1177,-367,-123,-538,627,210,919,0
-529,33,-78,-1634,101,-241,963,-60,142,1
-3,1,0,-7,-2,-1,9,-12,-2,0
-38,-13,-56,-107,-36,-157,75,27,112,0
15,-4,2,7,-2,1,-12,3,-2,0
11,5,2,6,2,1,-12,-3,-2,0
37,-8,5,42,-5,6,-36,6,-5,1
-3,-2,-5,-1,-3,-3,0,12,7,0
610132,-166691,79845,1727733,-472025,226100,-7672617,2096196,-1004078,0
7551,7702,16713,26240,26747,58059,-108936,-111069,-241064,0
8,3,12,23,8,34,-15,-6,-23,1
173,61,256,79,28,117,-135,-48,-200,0
1,0,0,0,1,0,0,0,1,1
23640,-6448,3091,28129,-7672,3678,-202656,55275,-26498,0
-43,-48,-105,-23,-25,-55,45,48,106,0
106,118,35,302,333,99,-201,-231,-68,0
1050,-3433,-740,4372,-14137,-2999,-2415,7827,1666,1
188,-27,225,84,-13,100,-147,21,-176,1
2,0,1,5,-1,1,-24,3,-8,0
11,10,23,27,29,64,-30,-18,-47,1
18,-56,-11,56,-173,-34,-243,753,148,0
-1,2,0,-2,6,1,9,-27,-5,0
20,-3,6,-446,128,-43,-1089,291,-137,1
-3,1,0,-1,1,1,0,-3,-5,0
1,0,1,2,1,3,-3,0,-2,1
1,1,2,0,1,1,0,-3,-2,1
40,-140,-33,-196523,674723,155329,1000326,-3434427,-790646,0
-1,4,1,0,2,1,6,-27,-8,1
315,290,662,187,173,394,-2019,-1857,-4241,0
1,0,1,8,-23,-4,-39,117,22,1
-10,-7,-2,-37,-20,-7,21,12,4,1
1,-4,-1,0,-2,-1,0,3,1,0
1,-4,-1,0,-2,-1,0,3,1,1
2171,-257,2630,968,-114,1173,-1698,201,-2057,0
-38,117,23,-20,61,12,39,-117,-23,1
6,1,5,14,-1,6,-9,0,-5,1
257071,-3686,38881,114677,-1650,17344,-201063,2883,-30410,0
2181370,766348,3226263,7466985,2623267,11043730,-4306806,-1513047,-6369800,1
94,-25,12,267,-71,34,-180,48,-23,1
-61,-28,-11,-188,-87,-34,819,378,148,0
126295,44193,186692,66111,23134,97727,-127386,-44577,-188306,0
-4,-4,-9,-1,-2,-4,3,3,7,0
8,-2,1,23,-6,3,-15,3,-2,1
11,-48,-14,6,-25,-7,-12,48,13,0
7,-1,1,405,-110,53,792,-222,103,1
1,0,0,21,-56,-11,36,-117,-23,1
-2,0,-1,-5,1,-1,3,0,1,0
8,-2,1,23,-6,3,-15,3,-2,1
1691,-288,456,4794,-817,1292,-3243,552,-875,1
-1,1,0,-2,1,0,9,-3,1,0
176,-48,23,92,-25,12,-177,48,-23,0
-50,-46,-105,-23,-21,-48,39,36,82,1
44072504,561843,56669778,136464819,1739603,175470611,-80260986,-1023180,-103202039,1
-10,-7,-2,-37,-20,-7,21,12,4,1
-211,-74,-312,-651,-229,-963,384,135,568,0
2242,1107,414,6843,3382,1264,-4122,-2034,-761,1
1,-2,0,-526,27,-78,2679,-141,397,0
461859,-125554,54934,206041,-56011,24507,-361254,98205,-42968,1
104,-14,125,292,-41,350,-207,24,-251,1
-11,-10,-23,-27,-29,-64,117,129,283,0
2569820,-433317,699431,1170128,-197305,318474,-2006979,338412,-546242,0
1,-1,0,8,2,11,-39,-12,-56,0
-2,1,-2,-5,-1,-7,3,0,4,1
-10802,-5658,-17037,-30727,-16079,-48454,20652,10827,32578,1
16,19,41,5,9,18,-12,-15,-32,1
-104,13,-35,-55,6,-20,681,-87,226,1
-7,23,5,-6,23,6,6,-21,-5,1
-1,-1,-2,0,-1,-1,6,6,13,0
-2,0,-1,-5,1,-1,3,0,1,1
1216,-54,181,1253,-62,186,-9939,459,-1478,1
-118,-6,-75,-454,-1,-251,2091,-6,1138,1
-94,25,-12,-267,71,-34,1185,-315,151,0
-2449,-862,-3623,-7558,-2660,-11181,4458,1569,6595,1
5,5,11,16,15,34,-9,-9,-20,1
49,-7,15,153,-20,50,-90,12,-29,1
-1454,-661,-260,-4132,-1879,-739,18339,8340,3280,0
38,-117,-23,20,-61,-12,-249,768,151,0
-3247,-50,-4180,-1693,-27,-2180,21315,327,27439,0
297,-52,78,994,-170,267,-4188,723,-1115,0
-3,1,0,-1,1,1,0,-3,-5,0
-18,56,11,-56,173,34,33,-102,-20,1
37,-11,3,131,-36,15,-75,21,-8,1
-1,-1,-2,-21,2,-8,105,-12,37,0
-4,-3,-1,-1,-4,-1,3,3,1,0
-563,3066,1073,-367,2044,726,4011,-21969,-7718,0
-33283,-31869,-71413,-37370,-35776,-80175,31248,29919,67045,1
-93448,15769,-25416,-265523,44806,-72217,178848,-30180,48643,1
-86,23,-11,-85,23,-11,78,-21,10,0
1,-2,0,8,-3,1,-39,12,-5,0
-67,-114,-31,-24,-67,-17,51,93,25,1
-1,-1,-2,0,-1,-1,6,6,13,0
15,-4,2,7,-2,1,-12,3,-2,0
-18,56,11,-56,173,34,33,-102,-20,1
2190,-269,744,1001,-123,340,-1710,210,-581,0
100,-3,15,337,-17,50,-195,9,-29,0
188,-23,64,84,-10,29,-147,18,-50,1
-22,61,12,-63,173,34,42,-117,-23,1
-4911,8372,-1390,-4976,8598,-1341,4488,-7677,1255,1
-580,-269,-105,-265,-123,-48,453,210,82,1
8,-25,-5,2,-14,-3,3,30,7,0
-104,285,56,-292,799,157,1293,-3537,-695,0
20,-56,-11,19,-56,-11,-18,51,10,1
13337,-1635,4536,16007,-1963,5443,-114684,14061,-39002,0
2927,3339,985,8318,9488,2799,-36915,-42108,-12422,1
41,-5,14,160,-26,45,-738,123,-203,0
-4,-3,-1,-1,-4,-1,3,3,1,1
-1686,-829,-2763,-8270,-4092,-13581,4425,2187,7264,1
-15,4,-2,-7,2,-1,99,-27,13,1
-3,-2,-5,-7,-6,-14,9,3,10,0
-7,1,-1,-6,-1,-1,6,0,1,1
-24672,-22693,-51812,-69950,-64339,-146897,310569,285657,652204,0
6,-8,3,14,-5,15,-9,6,-8,1
-59,-56,-126,-60,-56,-127,54,51,115,1
-5086,29627,10822,-14451,84182,30750,9735,-56703,-20711,1
5,3,1,16,8,3,-9,-6,-2,1
-4,-3,-1,-1,-4,-1,3,3,1,1
41,-112,-22,19,-51,-10,-270,738,145,1
-2,5,1,-5,15,3,3,-9,-2,1
-119,-5,-155,-78,-11,-106,99,6,130,1
-1,0,-1,-2,-1,-3,9,3,13,0
12791654,-684855,1894698,39543717,-2117137,5857210,-23288619,1246854,-3449507,1
1,0,1,2,1,3,-3,0,-2,1
-4130,6291,1090,-1885,2878,499,3219,-4923,-854,1
36505257,12847631,54004288,16680526,5870531,24676444,-28509339,-10033554,-42175475,0
-4,-3,-1,-1,-4,-1,3,3,1,1
4,3,1,61,-128,-24,-303,657,124,1
1586,1455,3327,1645,1511,3453,-1458,-1338,-3059,1
-7,-3,-11,-6,-4,-11,6,3,10,1
15,5,22,7,2,10,-12,-3,-17,1
59528,-15823,7585,206596,-54915,26324,-118845,31590,-15143,1
-104420,-95701,-218666,-313133,-286986,-655731,194160,177948,406591,1
11,10,23,6,5,12,-12,-9,-23,1
-19,20,3,-41,81,15,27,-45,-8,1
-23741,-26462,-57910,-23249,-25906,-56697,21441,23895,52294,1
1124,-153,357,510,-70,161,-867,120,-272,0
12,17,3,76,50,15,-39,-30,-8,1
-7,-3,-11,-6,-4,-11,6,3,10,1
-4685,20823,6161,-14476,64339,19036,8529,-37908,-11216,1
-7,-3,-11,-6,-4,-11,6,3,10,1
-2,5,1,-26,-9,-4,129,54,22,0
2983,-8209,-1614,8476,-23325,-4586,-37617,103518,20353,0
95309,87751,200313,294136,270811,618192,-173493,-159735,-364634,1
4392,-2716,4035,4396,-2735,4029,-3999,2478,-3671,1
-1743,-1603,-3660,-1163,-1069,-2441,1455,1338,3055,1
11,10,23,6,5,12,-12,-9,-23,0
-574,31,-85,-406,36,-59,1119,-132,160,0
-7,1,-1,-6,-1,-1,6,0,1,1
-43199295,227849494,78003371,-19742638,104130175,35648553,33746166,-177990105,-60934208,0
-384,-127,-561,-1190,-394,-1739,699,231,1021,0
48799,49794,108030,51742,52807,114556,-45834,-46773,-101471,1
91289,83823,191440,280704,257747,588658,-165693,-152142,-347471,1
388492,-50009,128284,201255,-25907,66456,-2552823,328614,-842969,0
-2,0,-1,-5,1,-1,3,0,1,1
5,5,11,16,15,34,-9,-9,-20,0
-697804,84921,-238218,-523349,63689,-178664,1511793,-183975,516109,0
64,33,12,52,16,9,-159,-27,-26,0
8,3,12,2,11,9,3,-51,-26,0
-128,-117,-268,-443,-407,-930,255,234,535,0
117,112,251,53,51,114,-90,-87,-194,0
15,-46,-9,7,-21,-4,-12,36,7,0
15,-4,2,7,-2,1,-12,3,-2,0
-18,5,-2,-56,15,-7,33,-9,4,0
1,0,0,0,1,0,0,0,1,1
-2,0,-1,-5,1,-1,3,0,1,1
-8,-3,-12,-23,-8,-34,102,36,151,0
1,0,1,2,1,3,-3,0,-2,0
-15520,50014,10557,-8056,25965,5482,15339,-49452,-10445,0
-27,119,35,-17,71,20,42,-165,-44,0
-20,3,-6,-19,4,-4,159,-27,43,0
-607,-210,-895,-1822,-631,-2687,1128,390,1663,1
-69,211,41,-31,94,18,54,-165,-32,0
1047,-286,137,2965,-810,388,-2010,549,-263,1
-25422,-8809,-37495,-11279,-3909,-16636,19869,6885,29305,1
-3,10,2,-7,29,8,9,-18,1,1
-2,0,-1,-5,1,-1,3,0,1,1
-997,-351,-1475,-982,-346,-1453,903,318,1336,1
10,11,23,37,36,80,-150,-153,-332,0
59,-263,-78,-1527,6677,1949,7881,-34470,-10064,0
38,-10,5,20,-5,3,-249,66,-32,0
16,19,41,5,9,18,-12,-15,-32,0
-1423,182,-1716,-950,126,-1143,1188,-153,1432,1
-38634,4891,-46618,-20146,2551,-24309,253611,-32106,306022,1
-11,-5,-2,-6,-2,-1,72,33,13,1
-69,211,41,-31,94,18,54,-165,-32,1
1,-2,0,8,-3,1,-39,12,-5,0
-47,-24,-78,-142,-71,-234,87,45,145,1
1,-1,0,2,-1,0,-3,6,1,0
442,154,653,1533,538,2267,-882,-309,-1304,1
4627,-1262,605,4558,-1243,596,-4191,1143,-548,0
10,7,2,37,20,7,-150,-90,-29,0
2,0,1,26,23,53,39,48,103,0
-3,-2,-5,-7,-6,-14,9,3,10,1
-111913,16735,-133561,-67207,10038,-80214,157413,-23478,187897,0
1,-4,-1,0,-2,-1,0,3,1,1
-18,5,-2,-56,15,-7,33,-9,4,1
-2855,350,-971,-8085,991,-2750,5481,-672,1864,1
24,23,52,22,23,51,-21,-21,-47,0
-8,-3,-12,-23,-8,-34,102,36,151,1
-225,-83,-335,-637,-236,-949,432,159,643,1
1,0,0,0,1,0,0,0,1,1
22,-3,7,3,-11,-17,-162,0,-89,1
6,1,5,14,-1,6,-9,0,-5,1
-83209,22117,-10600,-274145,72868,-34924,159390,-42366,20305,1
1,0,1,2,1,3,-3,0,-2,1
-3,-2,-5,-1,-3,-3,0,12,7,1
38,13,56,107,36,157,-474,-159,-695,0
1389,641,251,631,291,114,-1074,-495,-194,1
225,83,335,172,44,245,-1362,-543,-2051,1
-2,0,-1,-5,1,-1,3,0,1,1
-3,1,0,-1,1,1,0,-3,-5,0
1,1,2,0,1,1,0,-3,-2,1
6,1,5,14,-1,6,-9,0,-5,1
-3242,-1504,-587,-10041,-4658,-1818,5904,2739,1069,1
-118,-6,-75,-55,-4,-37,777,39,493,1
283,-163,267,1021,-768,858,-582,414,-503,0
-1189,3252,639,-712,1949,383,7608,-20805,-4088,1
2194,-5995,-1178,1149,-3140,-617,-2214,6051,1189,0
15,5,22,7,2,10,-12,-3,-17,0
-3,1,0,-7,-2,-1,9,-12,-2,0
-556375,-195447,-822874,-1725499,-606145,-2551999,1012260,355593,1497124,1
1,1,2,0,1,1,0,-3,-2,1
5,3,1,-32,11,-4,171,-51,22,0
-6233767,-2574669,-9438239,-2849445,-1176877,-4314204,4867314,2010297,7369360,0
-119,21,-31,-78,16,-17,99,-18,25,0
15,-4,2,7,-2,1,-12,3,-2,0
-103,10,-126,-5056,735,-6046,25554,-3723,30553,1
-1160975,-389033,-1701829,-3287521,-1101621,-4819052,2228955,746904,3267340,1
63105,-172430,-33882,179306,-489941,-96272,-795771,2174388,427261,0
64472,-9156,77219,76715,-10894,91883,-64284,9129,-76994,0
7361,-1985,898,20817,-5614,2539,-92307,24894,-11258,0
-4,-4,-9,-1,-2,-4,3,3,7,1
-3,10,2,-1,5,1,0,-9,-2,0
-1275,215,-347,-578,97,-158,996,-168,271,0
-38,-13,-56,-107,-36,-157,75,27,112,1
-3,10,2,-1,5,1,0,-9,-2,0
8297,4831,1594,8534,5019,1643,-7611,-4443,-1463,1
-37,8,-5,1179,-46,176,-6069,249,-905,0
3,2,5,1,3,3,-21,-9,-32,1
40,-1,6,25,3,4,-33,0,-5,1
-3,10,2,-1,5,1,0,-9,-2,0
-412,112,-49,-1678,453,-204,-267,66,-41,1
176,59,258,92,31,135,-177,-60,-260,1
332,326,733,167,163,367,-312,-303,-683,1
44876,-5791,14795,19551,-2524,6444,-34986,4515,-11534,0
1,-2,0,2,-6,-1,-3,3,-2,1
-257,31,-311,-730,87,-884,492,-60,595,1
-8,2,-1,-23,6,-3,102,-27,13,0
-580,-269,-105,-265,-123,-48,453,210,82,0
20,-3,6,19,-4,4,-18,3,-5,0
-2,1,-2,-5,-1,-7,3,0,4,1
654,626,1403,2026,1939,4346,-1191,-1140,-2555,1
-2,1,-2,-5,-1,-7,3,0,4,1
-4,19,6,-1,9,4,3,-15,-5,1
-5,23,7,-16,71,21,69,-309,-92,0
362,180,67,245,119,45,-303,-150,-56,0
1091,-3367,-662,3100,-9567,-1881,-2088,6444,1267,0
107443,-28559,13691,49111,-13054,6258,-708099,188217,-90230,0
1,-1,0,2,-1,0,-3,6,1,1
1,0,1,-58,-56,-125,-129,-117,-269,1
-2492,-1002,-3837,-1127,-452,-1734,1947,783,2998,0
40,21,67,25,16,45,-33,-18,-56,1
173,61,256,79,28,117,-135,-48,-200,1
1,-4,-1,0,-2,-1,0,3,1,0
188,-23,64,84,-10,29,-147,18,-50,0
-19,-8,-24,-41,-5,-31,27,6,25,1
37,-8,5,42,-5,6,-36,6,-5,1
24,-109,-33,22,-108,-35,-21,99,31,1
-3155,850,-386,-10516,2835,-1284,6099,-1644,745,1
-22,2,-27,-63,8,-76,42,-3,52,0
-2,1,-2,-5,-1,-7,3,0,4,1
42948,-11711,5616,19631,-5353,2567,-33534,9144,-4385,0
2,-5,-1,5,-15,-3,-24,66,13,0
-257,31,-311,-157,36,-180,375,-132,403,0
24,23,52,22,23,51,-21,-21,-47,0
15017,-67118,-19951,6688,-29891,-8885,-11745,52494,15604,0
-11,48,14,-27,136,45,117,-603,-203,0
8,3,12,23,8,34,-15,-6,-23,0
42471,-11288,5403,18944,-5035,2410,-33219,8829,-4226,1
-28012,7446,-3569,-28223,7502,-3596,227178,-60387,28945,0
-24518,-8629,-36271,-31546,-11104,-46669,25485,8970,37702,1
-181,45,-24,-228,47,-31,186,-42,25,1
-11,48,14,-27,136,45,117,-603,-203,0
100,-3,15,337,-17,50,-195,9,-29,1
-1049,-961,-2196,-462,-422,-965,819,750,1714,1
37,-8,5,42,-5,6,-36,6,-5,0
-42791,-14334,-62720,-19082,-6392,-27969,280524,93969,411172,1
15,-4,2,7,-2,1,-12,3,-2,0
-3,10,2,-7,29,8,9,-18,1,1
-63831,332933,113065,-33401,174215,59164,64329,-335532,-113948,0
8,3,12,23,8,34,-15,-6,-23,1
1381,68,874,722,35,456,-1389,-66,-875,0
-2,1,-2,-5,-1,-7,3,0,4,1
-1047,3205,624,-2965,9076,1767,13167,-40305,-7847,0
-119,-5,-155,-78,-11,-106,99,6,130,1
-69,-23,-101,-31,-10,-45,54,18,79,1
20,-3,6,19,-4,4,-18,3,-5,1
-20,-23,-50,-63,-71,-155,36,42,91,1
274491,-75134,35995,276848,-75779,36304,-250569,68586,-32858,1
-4,19,6,-1,9,4,3,-15,-5,1
-1200,154,-397,-1429,182,-475,1197,-153,397,1
-2,5,1,-5,15,3,3,-9,-2,0
1,-4,-1,0,-2,-1,0,3,1,0
-707,-651,-1486,-2182,-2009,-4586,9501,8748,19969,0
1,1,2,0,1,1,0,-3,-2,1
7,-1,1,6,1,1,-54,3,-8,1
1691,-288,456,4794,-817,1292,-3243,552,-875,0
5,3,1,-32,11,-4,171,-51,22,0
2,-1,2,5,1,7,-24,3,-29,0
-1,2,0,-2,6,1,9,-27,-5,0
188,-27,225,84,-13,100,-147,21,-176,0
-104,13,-35,-55,6,-20,681,-87,226,1
-86479,14730,-23318,-39291,6692,-10595,66885,-11391,18037,0
-1,1,0,-2,1,0,9,-3,1,0
1,0,0,87,-23,11,-441,117,-56,1
-2,0,-1,-5,1,-1,3,0,1,1
-2,5,1,-5,15,3,3,-9,-2,1
-1,1,0,-2,1,0,9,-3,1,0
-102544,27961,-13409,-46565,12697,-6089,79227,-21603,10360,0
-679,178,-90,-3303,875,-425,1770,-468,229,0
-5545,715,-1829,-2901,374,-957,5586,-720,1843,0
173,-534,-105,79,-244,-48,-135,417,82,0
-1,2,0,58,-261,-78,-297,1332,397,0
-7,23,5,-6,23,6,6,-21,-5,1
-963,263,-126,-971,265,-127,879,-240,115,1
288,133,52,284,130,51,-261,-120,-47,0
-2,1,-2,-5,-1,-7,3,0,4,1
421207,-114813,55082,1306621,-356162,170869,-766212,208854,-100199,1
1,0,1,2,1,3,-3,0,-2,1
8,-25,-5,23,-71,-14,-15,48,10,1
4,4,9,1,2,4,-24,-27,-59,0
140133,-8639,20670,569855,-35133,84055,-2639340,162723,-389309,0
-298,-155,-56,-835,-435,-157,597,309,112,1
-2112,6517,1281,-2719,8385,1647,2196,-6774,-1331,1
-13531,3632,-1738,-6158,1653,-791,10494,-2817,1348,0
1,1,2,0,1,1,0,-3,-2,1
8,-2,1,23,-6,3,-15,3,-2,1
-2,0,-1,-5,1,-1,3,0,1,0
-1661,7432,2211,-5127,22939,6824,3024,-13530,-4025,0
84,28,123,260,87,381,-153,-51,-224,1
-5,-5,-11,-16,-15,-34,69,66,148,0
-2,0,-1,-5,1,-1,3,0,1,0
225,-61,27,172,-41,29,-1362,381,-146,1
7,-1,1,6,1,1,-54,3,-8,1
1049,389,1563,543,203,810,-1029,-390,-1538,0
12,17,3,76,50,15,-39,-30,-8,0
3,2,5,7,6,14,-30,-27,-62,0
-211,-74,-312,-651,-229,-963,384,135,568,1
-1,0,0,0,-1,0,6,3,1,1
-1,1,0,-2,1,0,9,-3,1,0
2777,23,423,8573,73,1306,-5055,-42,-770,1
-173,46,-22,-79,21,-10,1140,-303,145,1
1586,727,286,1645,757,297,-1458,-669,-263,1
-69,-23,-101,-31,-10,-45,54,18,79,0
139,-448,-90,753,-2150,-425,-396,1155,229,0
360,101,369,169,52,181,-2370,-663,-2426,0
3,-10,-2,7,-29,-8,-30,129,37,0
20,23,50,63,71,155,-273,-309,-674,0
-1820,507,-237,-1783,499,-232,1644,-459,214,1
1,1,2,0,1,1,0,-3,-2,1
-43,-48,-105,-23,-25,-55,45,48,106,1
-71389,4402,-10530,-220316,13585,-32497,129951,-8013,19168,1
5109,-1358,651,14330,-3809,1826,-63441,16863,-8084,0
903263,-5256377,-1918854,396914,-2309793,-843201,-705003,4102644,1497682,1
6,-8,3,14,-5,15,-9,6,-8,0
41,-5,14,19,-2,7,-270,33,-92,1
-298,-155,-56,-154,-81,-29,291,156,55,1
83,107,227,-409,-449,-986,2217,2460,5389,0
41,-6,49,19,-4,22,-270,39,-323,0
-18,56,11,-56,173,34,33,-102,-20,1
-61922,135692,25663,-192081,420940,79612,112644,-246831,-46682,0
1,-1,0,8,2,11,-39,-12,-56,0
-69,19,-9,-31,9,-4,54,-15,7,0
-39458,10470,-5053,-118167,31354,-15134,73431,-19485,9403,1
439,-117,56,523,-140,67,-438,117,-56,0
2,0,1,-205,56,-24,1047,-285,124,0
-1,-1,-2,0,-1,-1,6,6,13,1
176,-438,-31,-1191,-394,-1756,438,381,784,1
5081,2514,8344,2659,1316,4367,-5121,-2535,-8411,0
110749331,-13575232,37669204,340470862,-41733624,115804459,-200981196,24635511,-68359796,1
-2,0,-1,-5,1,-1,3,0,1,1
63,2,38,-2,-43,-74,114,222,439,1
1,-2,0,2,-6,-1,-3,3,-2,0
7361,-1985,898,20817,-5614,2539,-92307,24894,-11258,0
-480,1313,258,-1337,3654,718,978,-2682,-527,1
7,-23,-5,6,-23,-6,-54,186,43,1
-4,19,6,-1,9,4,3,-15,-5,1
20,23,50,63,71,155,-273,-309,-674,0
-38,117,23,-107,328,64,75,-234,-47,0
5479,3037,9352,2490,1381,4251,-4239,-2352,-7238,0
176,59,258,92,31,135,-177,-60,-260,1
-18340,-17553,-39342,-56381,-53962,-120946,33282,31854,71395,1
1,-2,0,2,-6,-1,-3,3,-2,1
2,-1,2,5,1,7,-24,3,-29,1
1,-2,0,2,-6,-1,-3,3,-2,1
104,-14,125,55,-11,64,-108,33,-119,0
-86,23,-11,-85,23,-11,78,-21,10,0
119,-21,31,78,-16,17,-849,156,-212,0
-4,19,6,-1,9,4,3,-15,-5,0
24,14,5,22,19,6,-21,-15,-5,1
295,-663,-126,344,-800,-153,-291,666,127,1
8,3,12,23,8,34,-15,-6,-23,1
-64,286,85,-52,213,59,381,-1743,-527,1
315,-1381,-404,187,-822,-241,-2019,8847,2587,1
-2,1,-2,-5,-1,-7,3,0,4,0
15,-46,-9,7,-21,-4,-12,36,7,0
27,13,5,77,36,14,-342,-159,-62,0
-2,0,-1,-5,1,-1,3,0,1,1
-43,224,76,-23,117,39,45,-225,-74,0
38313,1904,24277,107383,5337,68044,-475338,-23625,-301202,0
-173,46,-22,-79,21,-10,1140,-303,145,0
20,-1,25,19,3,26,-18,0,-23,1
-42602,11614,-5571,-149081,40643,-19495,85602,-23337,11194,1
130,76,25,137,75,26,-120,-69,-23,1
10763,-2854,1381,4836,-1282,621,-8139,2157,-1046,0
40,21,67,25,16,45,-33,-18,-56,0
-7,1,-1,-6,-1,-1,6,0,1,1
10502,3900,15651,32555,12089,48516,-19113,-7098,-28484,1
-1,2,0,-2,6,1,9,-27,-5,0
-3,1,0,-1,1,1,0,-3,-5,1
-36745,126725,29339,-24498,84491,19562,30669,-105771,-24488,1
7,-1,1,6,1,1,-54,3,-8,0
1,1,2,0,1,1,0,-3,-2,0
-393,937,180,1037,-2238,-422,-5922,12927,2443,0
-1,4,1,-87,269,53,-174,531,103,1
1,0,1,2,1,3,-3,0,-2,1
15,-4,2,7,-2,1,-12,3,-2,0
-38,117,23,-20,61,12,39,-117,-23,0
6,-8,3,14,-5,15,-9,6,-8,1
173,61,256,79,28,117,-135,-48,-200,0
-3,-2,-5,-1,-3,-3,0,12,7,0
-7897,22512,4423,-4097,11681,2295,7794,-22227,-4367,0
-69,211,41,-31,94,18,54,-165,-32,0
-18,-7,-27,-56,-20,-83,33,12,49,1
-2,5,1,-5,15,3,3,-9,-2,1
-800189,-40616,-508486,-365718,-18563,-232398,625149,31731,397255,0
22090,-5871,2810,10031,-2666,1276,-17067,4536,-2171,0
-537,-280,-101,-239,-125,-45,420,219,79,1
-529,33,-78,-1634,101,-241,963,-60,142,0
42948,14389,62953,19631,6577,28775,-33534,-11235,-49154,0
-15,4,-2,-7,2,-1,99,-27,13,0
-311231,84496,-37178,-963930,261697,-115146,566784,-153876,67705,1
-2,1,-2,-5,-1,-7,3,0,4,0
-4,19,6,-1,9,4,3,-15,-5,1
15,-4,2,7,-2,1,-12,3,-2,0
-1686,-829,-2763,-8270,-4092,-13581,4425,2187,7264,1
-3,1,0,-1,1,1,0,-3,-5,0
-57,41,-49,-53,22,-55,51,-33,46,0
3871,1774,698,11811,5407,2129,-6984,-3198,-1259,1
1,1,2,0,1,1,0,-3,-2,0
-95,6,-14,-48,4,-7,90,-9,13,0
173,-46,22,79,-21,10,-135,36,-17,0
-8593,-4458,-1614,-24416,-12667,-4586,108360,56217,20353,0
38,-10,5,20,-5,3,-249,66,-32,1
-1988,126,-293,-883,58,-130,1554,-99,229,0
-22,2,-27,-63,8,-76,42,-3,52,1
176,-539,-105,92,-282,-55,-177,543,106,0
11,10,23,6,5,12,-12,-9,-23,1
398,133,583,21673,7261,31768,-109611,-36723,-160667,0
242,4,37,741,8,113,-444,-9,-68,1
94,-25,12,57,-14,9,-135,30,-26,0
-103,14,-33,-121,19,-35,102,-15,31,1
-1,0,-1,-2,-1,-3,9,3,13,0
-2,0,-1,-5,1,-1,3,0,1,1
-20,-23,-50,-63,-71,-155,36,42,91,1
1433,743,269,1854,953,347,-12666,-6546,-2375,0
-4,-4,-9,-61,-5,-42,-96,21,-17,1
-18,56,11,-56,173,34,33,-102,-20,1
-6,11,2,-101,-102,-31,-165,-297,-80,1
-1216,54,-181,-1253,62,-186,1116,-51,166,1
-18,5,-2,-56,15,-7,33,-9,4,1
-211,56,-27,-651,173,-83,384,-102,49,1
-17188,2467,-5314,-7827,1124,-2419,13344,-1917,4123,0
5,5,11,16,15,34,-9,-9,-20,1
-41,112,22,-160,453,89,-12,66,13,1
-41,5,-14,-19,2,-7,33,-3,13,0
-4,19,6,-1,9,4,3,-15,-5,0
5,-23,-7,16,-71,-21,-9,42,13,0
-573005,1768898,347882,-1604416,4952921,974071,1150593,-3551943,-698546,1
-13040,35629,7001,-9797,26774,5261,79293,-216639,-42569,1
1,-1,0,2,-1,0,-3,6,1,0
11,5,2,27,26,8,-30,15,1,1
-15,4,-2,-55,5,-8,252,-18,37,0
-62572,17085,-8186,-28343,7739,-3708,411579,-112380,53845,0
-19,45,2,-41,47,-25,27,-42,10,0
106,119,260,302,338,739,-201,-228,-497,1
1,-4,-1,0,-2,-1,0,3,1,1
8,-2,1,23,-6,3,-15,3,-2,1
2,-1,2,5,1,7,-24,3,-29,0
-1,-1,-2,0,-1,-1,6,6,13,1
-1,2,0,-2,6,1,9,-27,-5,1
-7,23,5,-6,23,6,6,-21,-5,1
15,5,22,7,2,10,-12,-3,-17,0
-41,6,-49,-160,1,-204,-12,-45,-41,0
442,154,653,1533,538,2267,-882,-309,-1304,1
492,559,165,575,694,202,-486,-570,-167,1
-2,1,-2,-5,-1,-7,3,0,4,0
1,-4,-1,0,-2,-1,0,3,1,0
-144,643,191,-442,1977,588,261,-1167,-347,0
-1,0,0,0,-1,0,6,3,1,0
80936,79509,178755,36095,35459,79720,-63303,-62187,-139811,0
11,5,2,6,2,1,-12,-3,-2,0
-5,23,7,-16,71,21,69,-309,-92,0
-3,10,2,-1,5,1,0,-9,-2,0
69,-211,-41,307,-982,-205,-1434,4605,967,0
-27,-13,-5,-17,-6,-3,42,9,7,0
-4,19,6,-1,9,4,3,-15,-5,0
-2,0,-1,-5,1,-1,3,0,1,1
36244,-9633,4611,176533,-46919,22458,-94578,25137,-12032,1
3,-10,-2,1,-5,-1,-21,66,13,1
-8,-3,-12,-2,-11,-9,57,0,73,1
1045,-127,357,3239,-394,1106,-1902,231,-650,1
2028,-539,258,1061,-282,135,-2043,543,-260,1
595657,-1716831,-337334,1988804,-5732243,-1126308,-1153038,3323349,652993,1
-95,-47,-156,-48,-23,-78,90,42,145,0
6,-8,3,14,-5,15,-9,6,-8,1
41,-6,49,19,-4,22,-270,39,-323,0
-4483,1246,-584,17898,-4981,2331,-98418,27387,-12818,0
-1,2,0,-8,3,-1,-9,-9,-2,1
37,-11,3,131,-36,15,-75,21,-8,1
94,-25,12,267,-71,34,-180,48,-23,0
24,14,5,22,19,6,-21,-15,-5,0
1913,-11218,-4114,868,-5094,-1869,-1476,8667,3181,0
-2,0,-1,-5,1,-1,3,0,1,1
-7,-3,-11,-6,-4,-11,6,3,10,1
-20,1,-25,-19,-3,-26,159,3,205,0
4,3,1,1,4,1,-24,-27,-8,0
38,-10,5,20,-5,3,-249,66,-32,1
1,0,0,0,1,0,0,0,1,1
2,0,1,5,-1,1,-24,3,-8,0
1,-4,-1,0,-2,-1,0,3,1,0
1,0,1,2,1,3,-3,0,-2,1
-2,1,-2,-5,-1,-7,3,0,4,1
173,-46,22,79,-21,10,-135,36,-17,1
-1053,56,-156,-479,25,-71,816,-42,121,0
2,0,1,-205,56,-24,1047,-285,124,1
-1,0,-1,-8,23,4,-9,48,16,0
-4979135,1323343,-633397,-15230296,4047873,-1937450,9000744,-2392197,1144987,1
-5127,1363,-653,-17794,4730,-2267,73908,-19647,9415,1
-8038,802,-9825,-25973,2662,-31706,8901,-741,10966,1
-59,-56,-126,-60,-56,-127,54,51,115,1
-463,-524,-1143,-210,-238,-519,357,405,883,0
-94,-33,-139,-267,-94,-395,1185,417,1753,0
-144,643,191,-442,1977,588,261,-1167,-347,1
-11,-10,-23,-6,-5,-12,72,66,151,1
3,-1,0,1,-1,-1,-21,6,-2,1
-18,5,-2,-56,15,-7,33,-9,4,1
-1,4,1,0,2,1,6,-27,-8,1
-15,4,-2,-1012,269,-129,-1998,531,-254,1
16,19,41,5,9,18,-12,-15,-32,0
-803,219,-105,-54523,14872,-7129,276072,-75303,36097,1
16,19,41,5,9,18,-12,-15,-32,1
15,5,22,7,2,10,-12,-3,-17,0
-569,2997,1025,2053,-11012,-3815,8634,-45891,-15797,1
315,-961,-186,139,-422,-81,-246,750,145,0
2,0,1,5,-1,1,-24,3,-8,1
-2,0,-1,-5,1,-1,3,0,1,1
-2855,408,-3418,-8085,1156,-9679,5481,-783,6562,1
1,0,1,2,1,3,-3,0,-2,1
27,13,5,17,6,3,-171,-87,-32,1
-48974,13866,-5003,-21843,6184,-2232,38304,-10845,3913,0
1,-4,-1,0,-2,-1,0,3,1,0
577129,298003,108306,1634581,844022,306751,-1107861,-572049,-207905,1
-18,5,-2,-56,15,-7,33,-9,4,1
336,-5,176,218,-11,101,-279,6,-143,0
15,-4,2,7,-2,1,-12,3,-2,0
-359407939,97688714,-42768316,-164284787,44653353,-19549328,2368676916,-643817169,281864455,0
233,-1226,-419,236,-1236,-421,-213,1119,382,1
11,-48,-14,6,-25,-7,-12,48,13,0
-1,4,1,0,2,1,6,-27,-8,1
-20,1,-25,-19,-3,-26,159,3,205,0
24,-109,-33,22,-108,-35,-21,99,31,1
3037,-562,418,9386,-1735,1292,-5529,1023,-761,1
-4188,1189,-423,-1861,529,-187,3276,-930,331,0
-11,-5,-2,-6,-2,-1,72,33,13,1
-37,8,-5,-42,5,-6,312,-57,43,1
6,-8,3,14,-5,15,-9,6,-8,0
-803,219,-105,-367,100,-48,627,-171,82,1
-3,-2,-5,-1,-3,-3,0,12,7,0
53,39,90,278,122,425,-1005,-528,-1586,0
69,-19,9,31,-9,4,-453,126,-59,1
237,188,49,277,187,55,-2028,-1518,-413,0
1,0,1,2,1,3,-3,0,-2,1
4,-19,-6,1,-9,-4,-24,126,43,0
1,0,0,0,1,0,0,0,1,0
198,85,35,956,435,172,-513,-231,-92,1
-50,-46,-105,-23,-21,-48,39,36,82,0
-7,23,5,-6,23,6,6,-21,-5,1
-11,48,14,-27,136,45,117,-603,-203,0
-18,-7,-27,-56,-20,-83,33,12,49,1
-20,56,11,-19,56,11,159,-453,-89,0
-12,-20,-35,-76,-81,-172,261,318,634,0
-173,46,-22,-79,21,-10,1140,-303,145,0
841,794,1791,420,397,895,-5526,-5217,-11768,0
-2,0,-1,-5,1,-1,3,0,1,1
-237,14,-35,-137,11,-20,1527,-84,226,0
477,-58,163,1666,-204,567,-957,117,-326,0
41,-6,49,160,-1,204,-738,-6,-947,0
-1,0,-1,-2,-1,-3,9,3,13,1
-253,1333,456,-716,3775,1292,486,-2559,-875,1
1,-1,0,2,-1,0,-3,6,1,1
-22,61,12,-2076,3176,551,10527,-16056,-2783,0
-2,0,-1,-5,1,-1,3,0,1,0
-50,219,64,-23,100,29,39,-171,-50,0
-3,10,2,-1,5,1,0,-9,-2,0
69645367,-18510471,8860033,68418473,-18184385,8703952,-63023988,16750629,-8017685,1
40,-1,6,25,3,4,-33,0,-5,1
1,0,0,0,1,0,0,0,1,0
997,-3077,-605,982,-3031,-596,-8025,24768,4870,1
1,0,0,0,1,0,0,0,1,1
22,-3,7,63,-8,21,-279,36,-92,1
-1,0,0,0,-1,0,6,3,1,0
-95,-47,-156,-48,-23,-78,90,42,145,0
7,-23,-5,6,-23,-6,-54,186,43,0
188,-27,225,84,-13,100,-147,21,-176,0
11,10,23,27,29,64,-30,-18,-47,1
-237,-188,-49,-277,-187,-55,225,171,46,1
-2604,707,-311,-1535,419,-180,3516,-966,403,0
-697,-12,-898,-400,-1,-512,885,-15,1123,0
1,0,0,87,-23,11,-441,117,-56,0
3100,-13883,-4133,3041,-13620,-4055,-2802,12549,3736,1
-3106,-3633,-7866,-3277,-3856,-8338,2910,3414,7387,1
61,-267,-78,188,-824,-241,-111,486,142,1
22,-3,7,63,-8,21,-279,36,-92,0
-12247,656,-1814,-5597,300,-829,9567,-513,1417,0
1691,-288,456,4794,-817,1292,-3243,552,-875,1
86,-23,11,-2096,574,-275,10827,-2964,1420,0
2035,-556,266,2419,-663,316,-17439,4770,-2279,0
-257,33,-85,-730,94,-241,492,-63,163,1
-773581,42328,-114510,-404935,22155,-59941,780231,-42684,115495,0
1,-1,0,2,-1,0,-3,6,1,1
14258,6467,2546,6402,2903,1143,-10767,-4881,-1922,0
-4,19,6,-1,9,4,3,-15,-5,0
1759,-1373,1449,4978,-3868,4111,-22110,17199,-18248,0
3,2,5,1,3,3,-21,-9,-32,0
6,-8,3,14,-5,15,-9,6,-8,1
1,-1,0,-58,-31,-11,-129,-57,-23,1
33988,38769,11437,96573,110158,32497,-428598,-488889,-144224,0
1,-2,0,8,-3,1,-39,12,-5,0
-9365,-14594,-4031,-4279,-6669,-1842,7314,11397,3148,0
1,1,2,21,-2,8,36,-12,1,0
-18,-7,-27,-56,-20,-83,33,12,49,1
646,389,125,329,203,64,-606,-390,-119,0
-2,0,-1,-5,1,-1,3,0,1,1
-22,3,-7,-63,8,-21,42,-6,13,1
-5,-3,-1,32,-11,4,105,0,16,1
1,-4,-1,0,-2,-1,0,3,1,0
2675280,-732194,350775,1222838,-334677,160335,-2088873,571701,-273887,0
-1,4,1,-21,5,-24,105,-18,124,0
-2,5,1,-5,15,3,3,-9,-2,1
-1,0,0,0,-1,0,6,3,1,0
-1,0,0,0,-1,0,6,3,1,0
229,-626,-123,709,-1939,-381,-3084,8433,1657,0
1,0,1,2,1,3,-3,0,-2,1
-3137696,833375,-400687,-4034378,1071534,-515195,3260253,-865926,416338,0
-2,0,-1,-5,1,-1,3,0,1,0
-94,-33,-139,-57,-16,-82,600,219,892,1
-2,5,1,-5,15,3,3,-9,-2,1
-69,-23,-101,-31,-10,-45,54,18,79,1
-2250727,10447134,3227083,-1028670,4774748,1474903,1758381,-8161827,-2521160,0
264575,-1431,142849,157472,-850,85025,-364920,1965,-197042,0
11,10,23,6,5,12,-12,-9,-23,0
8,-25,-5,23,-71,-14,-15,48,10,1
12059,4252,17845,34149,12041,50534,-23151,-8163,-34259,1
997,-3077,-605,982,-3031,-596,-8025,24768,4870,0
1918,-524,251,871,-238,114,-1482,405,-194,1
-140,-83,-27,-171,-44,-29,639,87,103,0
15959,7169,2834,45192,20300,8025,-30639,-13764,-5441,0
736591,-201120,96364,-9056144,2472748,-1184775,3616752,-987543,473164,1
-222,10,-33,-232,3,-35,207,-6,31,1
-38,10,-5,-20,5,-3,39,-9,7,0
-14029,3852,-1832,-8032,2204,-1049,17715,-4857,2314,0
-95,-109,-237,-89,-108,-232,84,99,214,1
86,-23,11,85,-23,11,-693,186,-89,0
-7,-3,-11,-6,-4,-11,6,3,10,1
-38,10,-5,-20,5,-3,39,-9,7,0
-8,-3,-12,-23,-8,-34,102,36,151,0
1,-1,0,-58,-31,-11,-129,-57,-23,1
-794,-280,-1175,-354,-125,-524,621,219,919,1
-15690,4213,-2016,-16129,4330,-2072,14391,-3864,1849,1
-211,-74,-312,-651,-229,-963,384,135,568,0
-2,0,-1,-5,1,-1,3,0,1,0
1,-4,-1,0,-2,-1,0,3,1,0
-1,4,1,0,2,1,6,-27,-8,0
8,3,12,2,11,9,3,-51,-26,0
6,-11,-2,14,-36,-7,-9,21,4,1
-20728,5796,-2697,-40404,11171,-5269,171339,-47265,22354,0
6,-8,3,14,-5,15,-9,6,-8,0
-38,-13,-56,-20,-6,-29,39,9,55,1
-8209,35992,10530,-25334,111076,32497,110313,-483663,-141503,1
-57631,100765,-14838,-58054,101460,-14973,52590,-91941,13546,1
-229,28,-78,-709,87,-241,417,-51,142,1
235,-29,284,232,-31,279,-213,27,-257,1
1,0,1,2,1,3,-3,0,-2,1
-7,23,5,-6,23,6,6,-21,-5,1
15,-46,-9,7,-21,-4,-12,36,7,0
196,-1022,-347,90,-467,-158,-153,798,271,1
1266,-3917,-770,854,-2640,-519,-9099,28146,5533,0
